parent,node,branch.length,new_label,is.ref,host,host_class,is_webby,collection_date,location
388,1,0.0171045215,3101253_749266,FALSE,Undefined,Undefined,TRUE,2024,USA
401,2,0.0106200199,3101257_749274,FALSE,Undefined,Undefined,TRUE,2024,USA
401,3,0.0017734624,SRR28834936,FALSE,Skunk,Wild mammal,FALSE,2024,USA
400,4,8.743667e-4,3101265_749256,FALSE,Undefined,Undefined,TRUE,2024,USA
405,5,2.558e-6,SRR28834909,FALSE,American Crow,Wild bird,FALSE,2024,USA
405,6,2.377025e-4,SRR28834920,FALSE,American Crow,Wild bird,FALSE,2024,USA
404,7,0.0020715842,SRR28834886,FALSE,Canada Goose,Wild bird,FALSE,2024,USA
403,8,0.0017944496,SRR28834902,FALSE,Ganada Goose,Wild bird,FALSE,2024,USA
402,9,0.0017831626,SRR28834951,FALSE,Western Gull,Wild bird,FALSE,2024,USA
406,10,0.0020516861,SRR28834938,FALSE,Chicken,Domestic bird,FALSE,2024,USA
408,11,0.0016694473,SRR28834941,FALSE,Common Raven,Wild bird,FALSE,2024,USA
408,12,0.0018793337,SRR28834903,FALSE,Great Horned Owl,Wild bird,FALSE,2024,USA
407,13,0.001250422,SRR28834964,FALSE,Red Tailed Hawk,Wild bird,FALSE,2024,USA
413,14,0.0024880847,3101272_749187,FALSE,Undefined,Undefined,TRUE,2024,USA
413,15,0.0035120707,762144-OP,FALSE,Undefined,Undefined,TRUE,2024,USA
412,16,0.0016404499,3101263_749194_E1,FALSE,Undefined,Undefined,TRUE,2024,USA
416,17,1e-6,SRR28834908,FALSE,Skunk,Wild mammal,FALSE,2024,USA
416,18,1e-6,SRR28834910,FALSE,Skunk,Wild mammal,FALSE,2024,USA
417,19,1e-6,SRR28834907,FALSE,Skunk,Wild mammal,FALSE,2024,USA
418,20,1e-6,SRR28834906,FALSE,Skunk,Wild mammal,FALSE,2024,USA
418,21,2.259596e-4,SRR28834911,FALSE,Skunk,Wild mammal,FALSE,2024,USA
414,22,2.058748e-4,SRR28834912,FALSE,Skunk,Wild mammal,FALSE,2024,USA
423,23,0.0015899985,SRR28834932,FALSE,American Wigeon,Wild bird,FALSE,2024,USA
423,24,0.0014411569,761880-OP,FALSE,Undefined,Undefined,TRUE,2024,USA
422,25,0.0019906363,3101251_749255,FALSE,Undefined,Undefined,TRUE,2024,USA
421,26,1e-6,SRR28834963,FALSE,Harris Hawk,Wild bird,FALSE,2024,USA
424,27,9.405615e-4,SRR28834934,FALSE,Skunk,Wild mammal,FALSE,2024,USA
424,28,8.226571e-4,SRR28834898,FALSE,Western Sandpiper,Wild bird,FALSE,2024,USA
425,29,0.0014515809,SRR28834933,FALSE,Red Tailed Hawk,Wild bird,FALSE,2024,USA
428,30,1e-6,SRR28834924,FALSE,Turkey,Domestic bird,FALSE,2024,USA
428,31,1e-6,SRR28834925,FALSE,Turkey,Domestic bird,FALSE,2024,USA
429,32,1e-6,SRR28834961,FALSE,Turkey,Domestic bird,FALSE,2024,USA
429,33,4.105277e-4,SRR28834928,FALSE,Turkey,Domestic bird,FALSE,2024,USA
430,34,2.5087e-6,SRR28834927,FALSE,Turkey,Domestic bird,FALSE,2024,USA
430,35,2.5137e-6,SRR28834926,FALSE,Turkey,Domestic bird,FALSE,2024,USA
435,36,0.002996849,3101262_749193_E1,FALSE,Undefined,Undefined,TRUE,2024,USA
435,37,0.0027098616,SRR28834900,FALSE,Mallard,Wild bird,FALSE,2024,USA
434,38,0.0015087437,SRR28834914,FALSE,Mountain Lion,Wild mammal,FALSE,2024,USA
436,39,0.0018566514,SRR28834917,FALSE,Canada Goose,Wild bird,FALSE,2024,USA
436,40,0.0033410363,3101271_749133,FALSE,Undefined,Undefined,TRUE,2024,USA
432,41,0.0019242261,SRR28834935,FALSE,Bald Eagle,Wild bird,FALSE,2024,USA
438,42,1e-6,SRR28834945,FALSE,Chicken,Domestic bird,FALSE,2024,USA
438,43,1e-6,SRR28834946,FALSE,Turkey,Domestic bird,FALSE,2024,USA
437,44,1e-6,SRR28834944,FALSE,Chicken,Domestic bird,FALSE,2024,USA
443,45,1e-6,762140-OP,FALSE,Undefined,Undefined,TRUE,2024,USA
443,46,0.0012992695,762143-OP,FALSE,Undefined,Undefined,TRUE,2024,USA
444,47,9.805935e-4,762141-OP,FALSE,Undefined,Undefined,TRUE,2024,USA
444,48,0.0026041303,762142-OP,FALSE,Undefined,Undefined,TRUE,2024,USA
441,49,0.0020701469,SRR28834885,FALSE,Mountain Lion,Wild mammal,FALSE,2024,USA
449,50,6.595661e-4,SRR28834939,FALSE,Turkey Vulture,Wild bird,FALSE,2024,USA
449,51,0.0012358937,SRR28834913,FALSE,Mute Swan,Wild bird,FALSE,2024,USA
450,52,0.0010579881,SRR28834901,FALSE,American Crow,Wild bird,FALSE,2024,USA
451,53,1e-6,SRR28834922,FALSE,Chicken,Domestic bird,FALSE,2024,USA
451,54,1e-6,SRR28834923,FALSE,Chicken,Domestic bird,FALSE,2024,USA
447,55,8.233358e-4,SRR28834937,FALSE,Snow Goose,Wild bird,FALSE,2024,USA
452,56,0.0012293443,3101261_749191_E1,FALSE,Undefined,Undefined,TRUE,2024,USA
453,57,1e-6,SRR28834905,FALSE,Red Tailed Hawk,Wild bird,FALSE,2024,USA
453,58,8.321418e-4,3101240_750551,FALSE,Undefined,Undefined,TRUE,2024,USA
455,59,0.0018551436,SRR28834931,FALSE,Canada Goose,Wild bird,FALSE,2024,USA
456,60,1e-6,SRR28834884,FALSE,Chicken,Domestic bird,FALSE,2024,USA
456,61,1e-6,SRR28834962,FALSE,Chicken,Domestic bird,FALSE,2024,USA
454,62,8.212671e-4,SRR28834930,FALSE,Cat,Domestic mammal,FALSE,2024,USA
439,63,0.0026936684,3101266_749259,FALSE,Undefined,Undefined,TRUE,2024,USA
465,64,1e-6,SRR28834947,FALSE,GOAT,Domestic mammal,FALSE,2024,USA
465,65,2.069095e-4,SRR28834915,FALSE,Duck,Domestic bird,FALSE,2024,USA
464,66,2.069676e-4,SRR28834960,FALSE,GOAT,Domestic mammal,FALSE,2024,USA
463,67,2.050904e-4,SRR28834957,FALSE,GOAT,Domestic mammal,FALSE,2024,USA
466,68,1e-6,SRR28834916,FALSE,Chicken,Domestic bird,FALSE,2024,USA
466,69,1e-6,SRR28834952,FALSE,GOAT,Domestic mammal,FALSE,2024,USA
467,70,1e-6,SRR28834899,FALSE,GOAT,Domestic mammal,FALSE,2024,USA
468,71,1e-6,SRR28834958,FALSE,GOAT,Domestic mammal,FALSE,2024,USA
468,72,1e-6,SRR28834956,FALSE,GOAT,Domestic mammal,FALSE,2024,USA
460,73,1e-6,SRR28834959,FALSE,GOAT,Domestic mammal,FALSE,2024,USA
472,74,2.049498e-4,SRR28834948,FALSE,GOAT,Domestic mammal,FALSE,2024,USA
473,75,1e-6,SRR28834949,FALSE,GOAT,Domestic mammal,FALSE,2024,USA
473,76,1e-6,SRR28834955,FALSE,GOAT,Domestic mammal,FALSE,2024,USA
471,77,1e-6,SRR28834953,FALSE,GOAT,Domestic mammal,FALSE,2024,USA
474,78,1e-6,SRR28834954,FALSE,GOAT,Domestic mammal,FALSE,2024,USA
474,79,1e-6,SRR28834950,FALSE,GOAT,Domestic mammal,FALSE,2024,USA
469,80,1e-6,SRR28834897,FALSE,GOAT,Domestic mammal,FALSE,2024,USA
475,81,1e-6,SRR28834943,FALSE,Turkey,Domestic bird,FALSE,2024,USA
475,82,1e-6,SRR28834942,FALSE,Turkey,Domestic bird,FALSE,2024,USA
477,83,2.079664e-4,SRR28834919,FALSE,Chicken,Domestic bird,FALSE,2024,USA
477,84,1e-6,SRR28834918,FALSE,Chicken,Domestic bird,FALSE,2024,USA
476,85,2.065916e-4,SRR28834921,FALSE,Chicken,Domestic bird,FALSE,2024,USA
497,86,0.0133370626,3101259_749278,FALSE,Undefined,Undefined,TRUE,2024,USA
497,87,4.221742e-4,s0003,TRUE,Commercial milk,Commercial milk,FALSE,2024,USA
500,88,1e-6,SRR28752446,FALSE,Blackbird,Wild bird,FALSE,2024,USA
501,89,2.050462e-4,SRR28752476,FALSE,Cattle,Cattle,FALSE,2024,USA
502,90,8.243359e-4,SRR28752533,FALSE,Cattle,Cattle,FALSE,2024,USA
502,91,8.225401e-4,SRR28752531,FALSE,Cattle,Cattle,FALSE,2024,USA
499,92,2.5942e-6,SRR28752530,FALSE,Cattle,Cattle,FALSE,2024,USA
503,93,2.065427e-4,SRR28752536,FALSE,Chicken,Domestic bird,FALSE,2024,USA
503,94,2.092078e-4,SRR28752463,FALSE,Cattle,Cattle,FALSE,2024,USA
505,95,1e-6,SRR28752651,FALSE,Cattle,Cattle,FALSE,2024,USA
506,96,1e-6,SRR28752565,FALSE,Cattle,Cattle,FALSE,2024,USA
506,97,1e-6,SRR28752526,FALSE,Cattle,Cattle,FALSE,2024,USA
514,98,2.4894e-6,SRR28752650,FALSE,Cattle,Cattle,FALSE,2024,USA
518,99,2.065962e-4,SRR28752557,FALSE,Cattle,Cattle,FALSE,2024,USA
518,100,1e-6,SRR28752566,FALSE,Cattle,Cattle,FALSE,2024,USA
517,101,2.060058e-4,SRR28752529,FALSE,Cattle,Cattle,FALSE,2024,USA
519,102,2.061487e-4,SRR28752567,FALSE,Cattle,Cattle,FALSE,2024,USA
519,103,1e-6,SRR28752676,FALSE,Cattle,Cattle,FALSE,2024,USA
515,104,1e-6,SRR28752558,FALSE,Cattle,Cattle,FALSE,2024,USA
513,105,1e-6,SRR28752658,FALSE,Cattle,Cattle,FALSE,2024,USA
522,106,1e-6,SRR28752561,FALSE,Cattle,Cattle,FALSE,2024,USA
522,107,1e-6,SRR28752677,FALSE,Cattle,Cattle,FALSE,2024,USA
521,108,1e-6,SRR28752666,FALSE,Cat,Domestic mammal,FALSE,2024,USA
520,109,2.062236e-4,SRR28752582,FALSE,Cattle,Cattle,FALSE,2024,USA
511,110,2.054026e-4,SRR28752664,FALSE,Cattle,Cattle,FALSE,2024,USA
527,111,4.123275e-4,SRR28752655,FALSE,Cattle,Cattle,FALSE,2024,USA
527,112,1e-6,SRR28752661,FALSE,Cattle,Cattle,FALSE,2024,USA
528,113,2.058903e-4,SRR28752654,FALSE,Cattle,Cattle,FALSE,2024,USA
528,114,1e-6,SRR28752663,FALSE,Cattle,Cattle,FALSE,2024,USA
525,115,1e-6,SRR28752525,FALSE,Cattle,Cattle,FALSE,2024,USA
529,116,1e-6,SRR28752474,FALSE,Cat,Domestic mammal,FALSE,2024,USA
530,117,2.057257e-4,SRR28752468,FALSE,Chicken,Domestic bird,FALSE,2024,USA
530,118,4.118655e-4,SRR28752457,FALSE,Chicken,Domestic bird,FALSE,2024,USA
523,119,2.053957e-4,SRR28752563,FALSE,Blackbird,Wild bird,FALSE,2024,USA
531,120,0,SRR28752487,FALSE,Cattle,Cattle,FALSE,2024,USA
531,121,0,SRR28752498,FALSE,Cattle,Cattle,FALSE,2024,USA
535,122,1e-6,SRR28752564,FALSE,Cattle,Cattle,FALSE,2024,USA
535,123,4.132498e-4,SRR28752578,FALSE,Cattle,Cattle,FALSE,2024,USA
534,124,1e-6,SRR28752624,FALSE,Cattle,Cattle,FALSE,2024,USA
533,125,1e-6,SRR28752527,FALSE,Cattle,Cattle,FALSE,2024,USA
536,126,2.5897e-6,SRR28752635,FALSE,Cattle,Cattle,FALSE,2024,USA
536,127,1e-6,SRR28752509,FALSE,Cattle,Cattle,FALSE,2024,USA
538,128,4.106855e-4,SRR28752559,FALSE,Cattle,Cattle,FALSE,2024,USA
540,129,1e-6,SRR28752473,FALSE,Cat,Domestic mammal,FALSE,2024,USA
540,130,1e-6,SRR28752675,FALSE,Cattle,Cattle,FALSE,2024,USA
539,131,2.054208e-4,SRR28752560,FALSE,Cattle,Cattle,FALSE,2024,USA
537,132,1e-6,SRR28752538,FALSE,Cattle,Cattle,FALSE,2024,USA
552,133,4.108695e-4,SRR28752619,FALSE,Cattle,Cattle,FALSE,2024,USA
554,134,1e-6,SRR28752618,FALSE,Cattle,Cattle,FALSE,2024,USA
555,135,4.129717e-4,SRR28752551,FALSE,Cattle,Cattle,FALSE,2024,USA
556,136,1e-6,SRR28752539,FALSE,Cattle,Cattle,FALSE,2024,USA
556,137,1e-6,SRR28752545,FALSE,Cattle,Cattle,FALSE,2024,USA
553,138,4.12315e-4,SRR28752550,FALSE,Cattle,Cattle,FALSE,2024,USA
551,139,1e-6,SRR28752552,FALSE,Cattle,Cattle,FALSE,2024,USA
550,140,1e-6,SRR28752562,FALSE,Cattle,Cattle,FALSE,2024,USA
549,141,2.057336e-4,SRR28752546,FALSE,Cattle,Cattle,FALSE,2024,USA
548,142,4.109103e-4,SRR28752540,FALSE,Cattle,Cattle,FALSE,2024,USA
547,143,1e-6,SRR28752475,FALSE,Cattle,Cattle,FALSE,2024,USA
546,144,4.110323e-4,SRR28752621,FALSE,Cattle,Cattle,FALSE,2024,USA
545,145,1e-6,SRR28752547,FALSE,Cattle,Cattle,FALSE,2024,USA
544,146,2.054025e-4,SRR28752617,FALSE,Cattle,Cattle,FALSE,2024,USA
543,147,1e-6,SRR28752620,FALSE,Cattle,Cattle,FALSE,2024,USA
560,148,1e-6,SRR28752548,FALSE,Cattle,Cattle,FALSE,2024,USA
560,149,1e-6,SRR28752543,FALSE,Cattle,Cattle,FALSE,2024,USA
559,150,1e-6,SRR28752542,FALSE,Cattle,Cattle,FALSE,2024,USA
558,151,1e-6,SRR28752541,FALSE,Cattle,Cattle,FALSE,2024,USA
557,152,2.052842e-4,SRR28752544,FALSE,Cattle,Cattle,FALSE,2024,USA
541,153,2.071442e-4,SRR28752537,FALSE,Cattle,Cattle,FALSE,2024,USA
565,154,2.057904e-4,SRR28752653,FALSE,Cattle,Cattle,FALSE,2024,USA
565,155,1e-6,SRR28752659,FALSE,Cattle,Cattle,FALSE,2024,USA
568,156,6.205094e-4,SRR28752652,FALSE,Cattle,Cattle,FALSE,2024,USA
568,157,1e-6,SRR28752656,FALSE,Cattle,Cattle,FALSE,2024,USA
567,158,8.24581e-4,SRR28752657,FALSE,Cattle,Cattle,FALSE,2024,USA
566,159,1e-6,SRR28752662,FALSE,Cattle,Cattle,FALSE,2024,USA
563,160,6.175478e-4,SRR28752494,FALSE,Cattle,Cattle,FALSE,2024,USA
570,161,3.447614e-4,SRR28834892,FALSE,Cattle,Cattle,FALSE,2024,USA
570,162,3.225601e-4,SRR28834893,FALSE,Cattle,Cattle,FALSE,2024,USA
569,163,3.792613e-4,SRR28834894,FALSE,Cattle,Cattle,FALSE,2024,USA
574,164,4.159789e-4,SRR28752556,FALSE,Cattle,Cattle,FALSE,2024,USA
574,165,1e-6,SRR28752665,FALSE,Cat,Domestic mammal,FALSE,2024,USA
573,166,1e-6,SRR28752647,FALSE,Cattle,Cattle,FALSE,2024,USA
578,167,5.51091e-4,SRR28834851,FALSE,Cattle,Cattle,FALSE,2024,USA
578,168,7.321414e-4,SRR28834850,FALSE,Cattle,Cattle,FALSE,2024,USA
577,169,2.2186e-6,SRR28752637,FALSE,Cattle,Cattle,FALSE,2024,USA
579,170,4.112542e-4,SRR28752532,FALSE,Cattle,Cattle,FALSE,2024,USA
579,171,1e-6,SRR28752584,FALSE,Cattle,Cattle,FALSE,2024,USA
580,172,4.114636e-4,SRR28752534,FALSE,Cattle,Cattle,FALSE,2024,USA
580,173,0.0012377372,SRR28752458,FALSE,Cattle,Cattle,FALSE,2024,USA
583,174,4.125637e-4,SRR28752579,FALSE,Cattle,Cattle,FALSE,2024,USA
583,175,1e-6,SRR28752581,FALSE,Cattle,Cattle,FALSE,2024,USA
582,176,2.060063e-4,SRR28752580,FALSE,Cattle,Cattle,FALSE,2024,USA
581,177,1e-6,SRR28752583,FALSE,Cattle,Cattle,FALSE,2024,USA
591,178,0,SRR28752554,FALSE,Cattle,Cattle,FALSE,2024,USA
591,179,0,760748-E1,FALSE,Undefined,Undefined,TRUE,2024,USA
590,180,1e-6,SRR28752577,FALSE,Cattle,Cattle,FALSE,2024,USA
592,181,1e-6,SRR28752553,FALSE,Chicken,Domestic bird,FALSE,2024,USA
593,182,4.109235e-4,SRR28752455,FALSE,Cattle,Cattle,FALSE,2024,USA
594,183,1e-6,SRR28752645,FALSE,Cattle,Cattle,FALSE,2024,USA
594,184,1e-6,SRR28752644,FALSE,Cattle,Cattle,FALSE,2024,USA
597,185,1e-6,SRR28752447,FALSE,Cattle,Cattle,FALSE,2024,USA
598,186,2.065413e-4,SRR28752672,FALSE,Cattle,Cattle,FALSE,2024,USA
598,187,4.124316e-4,SRR28752586,FALSE,Cattle,Cattle,FALSE,2024,USA
596,188,4.113795e-4,SRR28752679,FALSE,Cattle,Cattle,FALSE,2024,USA
595,189,1e-6,SRR28752480,FALSE,Cattle,Cattle,FALSE,2024,USA
603,190,0,SRR28752488,FALSE,Cattle,Cattle,FALSE,2024,USA
603,191,0,SRR28752470,FALSE,Cattle,Cattle,FALSE,2024,USA
602,192,0,SRR28752484,FALSE,Cattle,Cattle,FALSE,2024,USA
601,193,0,SRR28752449,FALSE,Cattle,Cattle,FALSE,2024,USA
600,194,0,SRR28752451,FALSE,Cattle,Cattle,FALSE,2024,USA
604,195,1e-6,SRR28752575,FALSE,Cattle,Cattle,FALSE,2024,USA
604,196,1e-6,SRR28752609,FALSE,Cattle,Cattle,FALSE,2024,USA
607,197,2.058177e-4,760919-E1,FALSE,Undefined,Undefined,TRUE,2024,USA
608,198,2.0625e-4,869,FALSE,Undefined,Undefined,TRUE,2024,USA
608,199,1e-6,SRR28752573,FALSE,Cattle,Cattle,FALSE,2024,USA
606,200,1e-6,SRR28752505,FALSE,Cattle,Cattle,FALSE,2024,USA
605,201,2.054492e-4,SRR28752520,FALSE,Chicken,Domestic bird,FALSE,2024,USA
611,202,1e-6,SRR28752486,FALSE,Cattle,Cattle,FALSE,2024,USA
611,203,4.113888e-4,SRR28752500,FALSE,Cattle,Cattle,FALSE,2024,USA
610,204,1e-6,SRR28752472,FALSE,Cattle,Cattle,FALSE,2024,USA
615,205,1e-6,SRR28752448,FALSE,Cattle,Cattle,FALSE,2024,USA
615,206,1e-6,SRR28752570,FALSE,Cattle,Cattle,FALSE,2024,USA
614,207,1e-6,SRR28752607,FALSE,Cattle,Cattle,FALSE,2024,USA
618,208,2.876128e-4,SRR28834890,FALSE,Cattle,Cattle,FALSE,2024,USA
618,209,4.120098e-4,SRR28752622,FALSE,Cattle,Cattle,FALSE,2024,USA
617,210,2.05899e-4,SRR28752569,FALSE,Cattle,Cattle,FALSE,2024,USA
616,211,1e-6,SRR28752606,FALSE,Chicken,Domestic bird,FALSE,2024,USA
612,212,1e-6,SRR28752524,FALSE,Cat,Domestic mammal,FALSE,2024,USA
627,213,1e-6,SRR28752555,FALSE,Cattle,Cattle,FALSE,2024,USA
628,214,2.097521e-4,SRR28752461,FALSE,Cattle,Cattle,FALSE,2024,USA
628,215,2.060521e-4,SRR28752456,FALSE,Cattle,Cattle,FALSE,2024,USA
629,216,6.316442e-4,SRR28752464,FALSE,Cattle,Cattle,FALSE,2024,USA
630,217,1e-6,SRR28752459,FALSE,Cattle,Cattle,FALSE,2024,USA
630,218,0.0012717591,761881-OP,FALSE,Undefined,Undefined,TRUE,2024,USA
632,219,2.04859e-4,SRR28752523,FALSE,Cat,Domestic mammal,FALSE,2024,USA
632,220,1e-6,SRR28752462,FALSE,Cattle,Cattle,FALSE,2024,USA
631,221,2.5934e-6,SRR28752460,FALSE,Cattle,Cattle,FALSE,2024,USA
635,222,0.0010303027,SRR28752568,FALSE,Raccoon,Wild mammal,FALSE,2024,USA
635,223,1e-6,SRR28752673,FALSE,Cattle,Cattle,FALSE,2024,USA
634,224,1e-6,SRR28752674,FALSE,Cattle,Cattle,FALSE,2024,USA
637,225,2.053406e-4,SRR28752490,FALSE,Cattle,Cattle,FALSE,2024,USA
638,226,1e-6,SRR28752491,FALSE,Cattle,Cattle,FALSE,2024,USA
638,227,1e-6,SRR28752493,FALSE,Cattle,Cattle,FALSE,2024,USA
636,228,8.222609e-4,SRR28752492,FALSE,Cattle,Cattle,FALSE,2024,USA
642,229,2.058945e-4,SRR28752615,FALSE,Cattle,Cattle,FALSE,2024,USA
643,230,2.064216e-4,SRR28752611,FALSE,Cattle,Cattle,FALSE,2024,USA
643,231,4.615383e-4,SRR28834888,FALSE,Cattle,Cattle,FALSE,2024,USA
641,232,1e-6,SRR28752454,FALSE,Cattle,Cattle,FALSE,2024,USA
640,233,1e-6,SRR28752506,FALSE,Cattle,Cattle,FALSE,2024,USA
639,234,1e-6,SRR28752485,FALSE,Cattle,Cattle,FALSE,2024,USA
650,235,1e-6,SRR28752598,FALSE,Cattle,Cattle,FALSE,2024,USA
651,236,2.079664e-4,SRR28752510,FALSE,Cattle,Cattle,FALSE,2024,USA
651,237,1e-6,SRR28752589,FALSE,Cattle,Cattle,FALSE,2024,USA
649,238,2.086674e-4,SRR28752612,FALSE,Cattle,Cattle,FALSE,2024,USA
652,239,1e-6,SRR28752616,FALSE,Cattle,Cattle,FALSE,2024,USA
654,240,1e-6,SRR28834891,FALSE,Cattle,Cattle,FALSE,2024,USA
654,241,1e-6,SRR28752571,FALSE,Cattle,Cattle,FALSE,2024,USA
653,242,1e-6,SRR28752465,FALSE,Cattle,Cattle,FALSE,2024,USA
655,243,1e-6,760836-E1,FALSE,Undefined,Undefined,TRUE,2024,USA
655,244,1e-6,SRR28752503,FALSE,Cattle,Cattle,FALSE,2024,USA
656,245,1e-6,SRR28752660,FALSE,Chicken,Domestic bird,FALSE,2024,USA
656,246,1e-6,761223-E1,FALSE,Undefined,Undefined,TRUE,2024,USA
659,247,0,SRR28752595,FALSE,Chicken,Domestic bird,FALSE,2024,USA
659,248,0,SRR28752608,FALSE,Cattle,Cattle,FALSE,2024,USA
658,249,0,SRR28752682,FALSE,Chicken,Domestic bird,FALSE,2024,USA
657,250,1e-6,SRR28752642,FALSE,Cattle,Cattle,FALSE,2024,USA
660,251,4.108344e-4,SRR28752574,FALSE,Grackle,Wild bird,FALSE,2024,USA
660,252,4.108846e-4,SRR28752638,FALSE,Chicken,Domestic bird,FALSE,2024,USA
662,253,1e-6,SRR28752489,FALSE,Cattle,Cattle,FALSE,2024,USA
662,254,1e-6,SRR28752639,FALSE,Chicken,Domestic bird,FALSE,2024,USA
661,255,2.05389e-4,SRR28752613,FALSE,Cattle,Cattle,FALSE,2024,USA
668,256,1e-6,SRR28752481,FALSE,Cattle,Cattle,FALSE,2024,USA
668,257,2.060387e-4,SRR28752576,FALSE,Cattle,Cattle,FALSE,2024,USA
667,258,2.535997e-4,SRR28834889,FALSE,Cattle,Cattle,FALSE,2024,USA
666,259,1e-6,SRR28752507,FALSE,Chicken,Domestic bird,FALSE,2024,USA
669,260,1e-6,SRR28752610,FALSE,Cattle,Cattle,FALSE,2024,USA
670,261,1e-6,SRR28834855,FALSE,PIGEON,Wild bird,FALSE,2024,USA
670,262,2.037916e-4,SRR28752671,FALSE,Chicken,Domestic bird,FALSE,2024,USA
664,263,1e-6,760811-E1,FALSE,Undefined,Undefined,TRUE,2024,USA
663,264,1e-6,SRR28752508,FALSE,Chicken,Domestic bird,FALSE,2024,USA
674,265,1e-6,SRR28752614,FALSE,Cattle,Cattle,FALSE,2024,USA
674,266,4.127619e-4,SRR28752469,FALSE,Cattle,Cattle,FALSE,2024,USA
673,267,2.067324e-4,SRR28752643,FALSE,Cattle,Cattle,FALSE,2024,USA
672,268,1e-6,SRR28752466,FALSE,Cattle,Cattle,FALSE,2024,USA
671,269,2.053139e-4,SRR28752483,FALSE,Cattle,Cattle,FALSE,2024,USA
677,270,2.4319e-6,SRR28752668,FALSE,Cattle,Cattle,FALSE,2024,USA
677,271,2.087778e-4,SRR28752669,FALSE,Cattle,Cattle,FALSE,2024,USA
678,272,2.095001e-4,SRR28752467,FALSE,Cattle,Cattle,FALSE,2024,USA
678,273,2.5249e-6,SRR28752649,FALSE,Grackle,Wild bird,FALSE,2024,USA
679,274,4.111122e-4,SRR28752678,FALSE,Cattle,Cattle,FALSE,2024,USA
679,275,2.6045e-6,SRR28752670,FALSE,Cattle,Cattle,FALSE,2024,USA
680,276,4.100863e-4,SRR28752482,FALSE,Cattle,Cattle,FALSE,2024,USA
680,277,2.051919e-4,SRR28752521,FALSE,Grackle,Wild bird,FALSE,2024,USA
681,278,1e-6,SRR28834854,FALSE,Cattle,Cattle,FALSE,2024,USA
684,279,4.12902e-4,SRR28752667,FALSE,Cattle,Cattle,FALSE,2024,USA
684,280,6.160143e-4,SRR28752626,FALSE,Cattle,Cattle,FALSE,2024,USA
683,281,1e-6,SRR28752640,FALSE,Chicken,Domestic bird,FALSE,2024,USA
682,282,2.063102e-4,760916-E1,FALSE,Undefined,Undefined,TRUE,2024,USA
686,283,1e-6,SRR28752511,FALSE,Cat,Domestic mammal,FALSE,2024,USA
688,284,4.126355e-4,SRR28752513,FALSE,Cat,Domestic mammal,FALSE,2024,USA
688,285,1e-6,SRR28752512,FALSE,Cat,Domestic mammal,FALSE,2024,USA
687,286,1e-6,SRR28834895,FALSE,Cat,Domestic mammal,FALSE,2024,USA
685,287,7.283746e-4,SRR28834896,FALSE,Cat,Domestic mammal,FALSE,2024,USA
487,288,2.055022e-4,SRR28752497,FALSE,Cattle,Cattle,FALSE,2024,USA
690,289,1e-6,760707-E1,FALSE,Undefined,Undefined,TRUE,2024,USA
693,290,4.116413e-4,760793-E1,FALSE,Undefined,Undefined,TRUE,2024,USA
693,291,0.0039255573,864,FALSE,Undefined,Undefined,TRUE,2024,USA
694,292,1e-6,760908-E1,FALSE,Undefined,Undefined,TRUE,2024,USA
695,293,1e-6,SRR28752501,FALSE,Cattle,Cattle,FALSE,2024,USA
695,294,2.059477e-4,SRR28752504,FALSE,Cattle,Cattle,FALSE,2024,USA
696,295,1e-6,SRR28752502,FALSE,Cattle,Cattle,FALSE,2024,USA
696,296,1e-6,SRR28752499,FALSE,Cattle,Cattle,FALSE,2024,USA
689,297,1e-6,760803-E1,FALSE,Undefined,Undefined,TRUE,2024,USA
485,298,1e-6,SRR28752641,FALSE,Chicken,Domestic bird,FALSE,2024,USA
484,299,1e-6,SRR28752450,FALSE,Cattle,Cattle,FALSE,2024,USA
697,300,1e-6,871,FALSE,Undefined,Undefined,TRUE,2024,USA
697,301,2.602e-6,SRR28752572,FALSE,Cattle,Cattle,FALSE,2024,USA
482,302,2.053943e-4,760880-E1,FALSE,Undefined,Undefined,TRUE,2024,USA
481,303,5.863354e-4,SRR28834887,FALSE,Cattle,Cattle,FALSE,2024,USA
705,304,2.058701e-4,SRR28752599,FALSE,Cattle,Cattle,FALSE,2024,USA
705,305,4.120043e-4,SRR28752597,FALSE,Cattle,Cattle,FALSE,2024,USA
706,306,1e-6,SRR28752680,FALSE,Cattle,Cattle,FALSE,2024,USA
706,307,1e-6,SRR28752585,FALSE,Cattle,Cattle,FALSE,2024,USA
707,308,1e-6,SRR28752596,FALSE,Cattle,Cattle,FALSE,2024,USA
707,309,1e-6,SRR28752601,FALSE,Cattle,Cattle,FALSE,2024,USA
711,310,1e-6,SRR28752519,FALSE,Cattle,Cattle,FALSE,2024,USA
712,311,4.141479e-4,SRR28752515,FALSE,Cattle,Cattle,FALSE,2024,USA
712,312,1e-6,SRR28752593,FALSE,Cattle,Cattle,FALSE,2024,USA
714,313,1e-6,SRR28752591,FALSE,Cattle,Cattle,FALSE,2024,USA
714,314,2.059569e-4,SRR28752514,FALSE,Cattle,Cattle,FALSE,2024,USA
715,315,1e-6,SRR28752516,FALSE,Cattle,Cattle,FALSE,2024,USA
715,316,4.120203e-4,SRR28752588,FALSE,Cattle,Cattle,FALSE,2024,USA
716,317,1e-6,SRR28752600,FALSE,Cattle,Cattle,FALSE,2024,USA
716,318,1e-6,SRR28752452,FALSE,Cattle,Cattle,FALSE,2024,USA
708,319,1e-6,SRR28752453,FALSE,Cattle,Cattle,FALSE,2024,USA
701,320,4.11185e-4,SRR28752594,FALSE,Cattle,Cattle,FALSE,2024,USA
721,321,1e-6,SRR28752517,FALSE,Cattle,Cattle,FALSE,2024,USA
721,322,1e-6,SRR28752605,FALSE,Cattle,Cattle,FALSE,2024,USA
720,323,4.112077e-4,SRR28752592,FALSE,Cattle,Cattle,FALSE,2024,USA
719,324,1e-6,SRR28752590,FALSE,Cattle,Cattle,FALSE,2024,USA
718,325,2.092247e-4,SRR28752604,FALSE,Cattle,Cattle,FALSE,2024,USA
717,326,1e-6,SRR28752602,FALSE,Cattle,Cattle,FALSE,2024,USA
699,327,2.6205e-6,SRR28752681,FALSE,Cattle,Cattle,FALSE,2024,USA
722,328,2.755e-6,SRR28752518,FALSE,Cattle,Cattle,FALSE,2024,USA
726,329,2.99248e-4,SRR28834852,FALSE,Cattle,Cattle,FALSE,2024,USA
726,330,4.117864e-4,SRR28752496,FALSE,Chicken,Domestic bird,FALSE,2024,USA
731,331,4.457978e-4,SRR28834853,FALSE,Cattle,Cattle,FALSE,2024,USA
731,332,4.115337e-4,SRR28752479,FALSE,Cattle,Cattle,FALSE,2024,USA
730,333,6.164059e-4,SRR28752648,FALSE,Cattle,Cattle,FALSE,2024,USA
732,334,2.054061e-4,SRR28752478,FALSE,Cattle,Cattle,FALSE,2024,USA
732,335,4.10978e-4,SRR28752646,FALSE,Cattle,Cattle,FALSE,2024,USA
728,336,8.218057e-4,SRR28752495,FALSE,Chicken,Domestic bird,FALSE,2024,USA
733,337,1e-6,SRR28752629,FALSE,Cattle,Cattle,FALSE,2024,USA
741,338,1e-6,SRR28752628,FALSE,Cattle,Cattle,FALSE,2024,USA
741,339,3.6154e-6,SRR28752632,FALSE,Cattle,Cattle,FALSE,2024,USA
740,340,2.055553e-4,SRR28752634,FALSE,Cattle,Cattle,FALSE,2024,USA
739,341,1e-6,SRR28752535,FALSE,Cattle,Cattle,FALSE,2024,USA
738,342,1e-6,SRR28752630,FALSE,Cattle,Cattle,FALSE,2024,USA
737,343,1e-6,SRR28752627,FALSE,Cattle,Cattle,FALSE,2024,USA
736,344,1e-6,SRR28752633,FALSE,Cattle,Cattle,FALSE,2024,USA
735,345,1e-6,SRR28752625,FALSE,Cattle,Cattle,FALSE,2024,USA
742,346,1.0742e-6,SRR28752623,FALSE,Cattle,Cattle,FALSE,2024,USA
742,347,1e-6,SRR28752631,FALSE,Cattle,Cattle,FALSE,2024,USA
724,348,1e-6,SRR28752587,FALSE,Cattle,Cattle,FALSE,2024,USA
723,349,6.178523e-4,SRR28752603,FALSE,Cattle,Cattle,FALSE,2024,USA
744,350,0.001030384,SRR28752522,FALSE,Skunk,Wild mammal,FALSE,2024,USA
744,351,2.5789e-6,SRR28752684,FALSE,Goose,Domestic bird,FALSE,2024,USA
743,352,0.0018661895,SRR28752683,FALSE,CAGO,Wild bird,FALSE,2024,USA
478,353,0.0016469377,SRR28752636,FALSE,PEFA,Wild bird,FALSE,2024,USA
745,354,0.0019095456,SRR28834940,FALSE,Snow Goose,Wild bird,FALSE,2024,USA
745,355,0.0028053082,SRR28834929,FALSE,Snow Goose,Wild bird,FALSE,2024,USA
392,356,0.0042349385,SRR28834904,FALSE,Bald Eagle,Wild bird,FALSE,2024,USA
391,357,0.0071806829,s0001,TRUE,Chicken,Domestic bird,FALSE,2009,Egypt
746,358,0.0324924653,3101255_749268,FALSE,Undefined,Undefined,TRUE,2024,USA
755,359,1e-6,3101252_749265,FALSE,Undefined,Undefined,TRUE,2024,USA
755,360,2.198586e-4,3101249_750561,FALSE,Undefined,Undefined,TRUE,2024,USA
754,361,2.6211e-6,3101248_750560,FALSE,Undefined,Undefined,TRUE,2024,USA
753,362,1e-6,3101237_750561_E1,FALSE,Undefined,Undefined,TRUE,2024,USA
752,363,2.6161e-6,3101236_750560_E1,FALSE,Undefined,Undefined,TRUE,2024,USA
751,364,0.0012977919,3101250_750562,FALSE,Undefined,Undefined,TRUE,2024,USA
750,365,0.0029751349,3101244_750555,FALSE,Undefined,Undefined,TRUE,2024,USA
758,366,0.0026465357,3101267_749261,FALSE,Undefined,Undefined,TRUE,2024,USA
758,367,0.0017746576,3101268_749263,FALSE,Undefined,Undefined,TRUE,2024,USA
757,368,0.0016320848,3101269_749271,FALSE,Undefined,Undefined,TRUE,2024,USA
756,369,0.0016647592,3101264_749196_E1,FALSE,Undefined,Undefined,TRUE,2024,USA
761,370,2.150719e-4,3101247_750559,FALSE,Undefined,Undefined,TRUE,2024,USA
761,371,3.515452e-4,3101235_750559_E1,FALSE,Undefined,Undefined,TRUE,2024,USA
763,372,0.0085172382,3101243_750554,FALSE,Undefined,Undefined,TRUE,2024,USA
763,373,2.082126e-4,3101245_750557,FALSE,Undefined,Undefined,TRUE,2024,USA
764,374,1e-6,3101246_750558,FALSE,Undefined,Undefined,TRUE,2024,USA
765,375,1e-6,3101233_750557_E1,FALSE,Undefined,Undefined,TRUE,2024,USA
766,376,1e-6,3101234_750558_E1,FALSE,Undefined,Undefined,TRUE,2024,USA
767,377,2.214458e-4,3101238_750825,FALSE,Undefined,Undefined,TRUE,2024,USA
767,378,4.341732e-4,3101239_750826,FALSE,Undefined,Undefined,TRUE,2024,USA
768,379,2.0049e-6,3101232_750553_E1,FALSE,Undefined,Undefined,TRUE,2024,USA
769,380,9.556829e-4,3101242_750553,FALSE,Undefined,Undefined,TRUE,2024,USA
769,381,7.415146e-4,3101241_750552,FALSE,Undefined,Undefined,TRUE,2024,USA
771,382,0.0106737978,3101254_749267,FALSE,Undefined,Undefined,TRUE,2024,USA
771,383,9.952487e-4,3101256_749273,FALSE,Undefined,Undefined,TRUE,2024,USA
770,384,7.167036e-4,3101270_749272,FALSE,Undefined,Undefined,TRUE,2024,USA
772,385,0.004974533,s0000,TRUE,Goose,Domestic bird,FALSE,2002,Hong Kong
772,386,0.0172306083,s0002,TRUE,Chicken,Domestic bird,FALSE,2023,USA
388,387,0.0050887193,3101258_749276,FALSE,Undefined,Undefined,TRUE,2024,USA
388,388,NA,NA,FALSE,NA,NA,FALSE,NA,NA
388,389,0.0034607501,NA,FALSE,NA,NA,FALSE,NA,NA
389,390,0.0023722279,NA,FALSE,NA,NA,FALSE,NA,NA
390,391,0.0020706607,NA,FALSE,NA,NA,FALSE,NA,NA
391,392,6.737099e-4,NA,FALSE,NA,NA,FALSE,NA,NA
392,393,8.636478e-4,NA,FALSE,NA,NA,FALSE,NA,NA
393,394,0.0063296198,NA,FALSE,NA,NA,FALSE,NA,NA
394,395,0.001023677,NA,FALSE,NA,NA,FALSE,NA,NA
395,396,2.1852e-6,NA,FALSE,NA,NA,FALSE,NA,NA
396,397,2.996e-6,NA,FALSE,NA,NA,FALSE,NA,NA
397,398,2.7541e-6,NA,FALSE,NA,NA,FALSE,NA,NA
398,399,0.0016438065,NA,FALSE,NA,NA,FALSE,NA,NA
399,400,2.9753e-6,NA,FALSE,NA,NA,FALSE,NA,NA
400,401,7.63844e-5,NA,FALSE,NA,NA,FALSE,NA,NA
399,402,0.0017127313,NA,FALSE,NA,NA,FALSE,NA,NA
402,403,4.11097e-4,NA,FALSE,NA,NA,FALSE,NA,NA
403,404,3.197134e-4,NA,FALSE,NA,NA,FALSE,NA,NA
404,405,9.534606e-4,NA,FALSE,NA,NA,FALSE,NA,NA
398,406,2.042264e-4,NA,FALSE,NA,NA,FALSE,NA,NA
406,407,4.158251e-4,NA,FALSE,NA,NA,FALSE,NA,NA
407,408,2.621e-6,NA,FALSE,NA,NA,FALSE,NA,NA
397,409,1e-6,NA,FALSE,NA,NA,FALSE,NA,NA
409,410,2.5984e-6,NA,FALSE,NA,NA,FALSE,NA,NA
410,411,4.093742e-4,NA,FALSE,NA,NA,FALSE,NA,NA
411,412,2.9062e-6,NA,FALSE,NA,NA,FALSE,NA,NA
412,413,2.621e-6,NA,FALSE,NA,NA,FALSE,NA,NA
411,414,0.002033534,NA,FALSE,NA,NA,FALSE,NA,NA
414,415,2.6745e-6,NA,FALSE,NA,NA,FALSE,NA,NA
415,416,4.11259e-4,NA,FALSE,NA,NA,FALSE,NA,NA
415,417,2.7103e-6,NA,FALSE,NA,NA,FALSE,NA,NA
417,418,2.7108e-6,NA,FALSE,NA,NA,FALSE,NA,NA
410,419,2.666519e-4,NA,FALSE,NA,NA,FALSE,NA,NA
419,420,3.0427e-4,NA,FALSE,NA,NA,FALSE,NA,NA
420,421,2.176e-6,NA,FALSE,NA,NA,FALSE,NA,NA
421,422,2.1899e-6,NA,FALSE,NA,NA,FALSE,NA,NA
422,423,3.055058e-4,NA,FALSE,NA,NA,FALSE,NA,NA
420,424,2.1354e-6,NA,FALSE,NA,NA,FALSE,NA,NA
419,425,2.05718e-4,NA,FALSE,NA,NA,FALSE,NA,NA
425,426,6.149594e-4,NA,FALSE,NA,NA,FALSE,NA,NA
426,427,2.0353e-6,NA,FALSE,NA,NA,FALSE,NA,NA
427,428,6.147394e-4,NA,FALSE,NA,NA,FALSE,NA,NA
427,429,4.099173e-4,NA,FALSE,NA,NA,FALSE,NA,NA
426,430,2.048524e-4,NA,FALSE,NA,NA,FALSE,NA,NA
409,431,2.5766e-6,NA,FALSE,NA,NA,FALSE,NA,NA
431,432,4.074461e-4,NA,FALSE,NA,NA,FALSE,NA,NA
432,433,2.5873e-6,NA,FALSE,NA,NA,FALSE,NA,NA
433,434,2.06939e-4,NA,FALSE,NA,NA,FALSE,NA,NA
434,435,1e-6,NA,FALSE,NA,NA,FALSE,NA,NA
433,436,2.6169e-6,NA,FALSE,NA,NA,FALSE,NA,NA
431,437,0.0010299039,NA,FALSE,NA,NA,FALSE,NA,NA
437,438,2.5692e-6,NA,FALSE,NA,NA,FALSE,NA,NA
396,439,6.14929e-4,NA,FALSE,NA,NA,FALSE,NA,NA
439,440,4.091312e-4,NA,FALSE,NA,NA,FALSE,NA,NA
440,441,2.28694e-4,NA,FALSE,NA,NA,FALSE,NA,NA
441,442,0.0025932154,NA,FALSE,NA,NA,FALSE,NA,NA
442,443,2.9909e-6,NA,FALSE,NA,NA,FALSE,NA,NA
442,444,3.247815e-4,NA,FALSE,NA,NA,FALSE,NA,NA
440,445,2.5395e-6,NA,FALSE,NA,NA,FALSE,NA,NA
445,446,1e-6,NA,FALSE,NA,NA,FALSE,NA,NA
446,447,1e-6,NA,FALSE,NA,NA,FALSE,NA,NA
447,448,2.0649e-6,NA,FALSE,NA,NA,FALSE,NA,NA
448,449,8.23256e-4,NA,FALSE,NA,NA,FALSE,NA,NA
448,450,7.197892e-4,NA,FALSE,NA,NA,FALSE,NA,NA
450,451,0.0021581223,NA,FALSE,NA,NA,FALSE,NA,NA
446,452,1e-6,NA,FALSE,NA,NA,FALSE,NA,NA
452,453,0.0022582379,NA,FALSE,NA,NA,FALSE,NA,NA
445,454,2.3994e-6,NA,FALSE,NA,NA,FALSE,NA,NA
454,455,8.19729e-4,NA,FALSE,NA,NA,FALSE,NA,NA
455,456,6.15062e-4,NA,FALSE,NA,NA,FALSE,NA,NA
395,457,6.148691e-4,NA,FALSE,NA,NA,FALSE,NA,NA
457,458,6.144401e-4,NA,FALSE,NA,NA,FALSE,NA,NA
458,459,0.0012303606,NA,FALSE,NA,NA,FALSE,NA,NA
459,460,1e-6,NA,FALSE,NA,NA,FALSE,NA,NA
460,461,1e-6,NA,FALSE,NA,NA,FALSE,NA,NA
461,462,1e-6,NA,FALSE,NA,NA,FALSE,NA,NA
462,463,2.5702e-6,NA,FALSE,NA,NA,FALSE,NA,NA
463,464,2.047957e-4,NA,FALSE,NA,NA,FALSE,NA,NA
464,465,2.0748e-6,NA,FALSE,NA,NA,FALSE,NA,NA
462,466,2.5798e-6,NA,FALSE,NA,NA,FALSE,NA,NA
461,467,1e-6,NA,FALSE,NA,NA,FALSE,NA,NA
467,468,1e-6,NA,FALSE,NA,NA,FALSE,NA,NA
459,469,1e-6,NA,FALSE,NA,NA,FALSE,NA,NA
469,470,1e-6,NA,FALSE,NA,NA,FALSE,NA,NA
470,471,1e-6,NA,FALSE,NA,NA,FALSE,NA,NA
471,472,1e-6,NA,FALSE,NA,NA,FALSE,NA,NA
472,473,1e-6,NA,FALSE,NA,NA,FALSE,NA,NA
470,474,1e-6,NA,FALSE,NA,NA,FALSE,NA,NA
458,475,0.0022674246,NA,FALSE,NA,NA,FALSE,NA,NA
457,476,0.0020505147,NA,FALSE,NA,NA,FALSE,NA,NA
476,477,2.047011e-4,NA,FALSE,NA,NA,FALSE,NA,NA
394,478,0.0016423238,NA,FALSE,NA,NA,FALSE,NA,NA
478,479,2.043609e-4,NA,FALSE,NA,NA,FALSE,NA,NA
479,480,0.0011957484,NA,FALSE,NA,NA,FALSE,NA,NA
480,481,2.363868e-4,NA,FALSE,NA,NA,FALSE,NA,NA
481,482,2.5672e-6,NA,FALSE,NA,NA,FALSE,NA,NA
482,483,2.7138e-6,NA,FALSE,NA,NA,FALSE,NA,NA
483,484,1e-6,NA,FALSE,NA,NA,FALSE,NA,NA
484,485,1e-6,NA,FALSE,NA,NA,FALSE,NA,NA
485,486,1e-6,NA,FALSE,NA,NA,FALSE,NA,NA
486,487,1e-6,NA,FALSE,NA,NA,FALSE,NA,NA
487,488,2.5846e-6,NA,FALSE,NA,NA,FALSE,NA,NA
488,489,1.99908e-4,NA,FALSE,NA,NA,FALSE,NA,NA
489,490,2.8707e-6,NA,FALSE,NA,NA,FALSE,NA,NA
490,491,2.5608e-6,NA,FALSE,NA,NA,FALSE,NA,NA
491,492,2.5928e-6,NA,FALSE,NA,NA,FALSE,NA,NA
492,493,2.050002e-4,NA,FALSE,NA,NA,FALSE,NA,NA
493,494,1e-6,NA,FALSE,NA,NA,FALSE,NA,NA
494,495,2.2137e-6,NA,FALSE,NA,NA,FALSE,NA,NA
495,496,2.5943e-6,NA,FALSE,NA,NA,FALSE,NA,NA
496,497,2.9653e-6,NA,FALSE,NA,NA,FALSE,NA,NA
496,498,2.048447e-4,NA,FALSE,NA,NA,FALSE,NA,NA
498,499,2.053948e-4,NA,FALSE,NA,NA,FALSE,NA,NA
499,500,2.05313e-4,NA,FALSE,NA,NA,FALSE,NA,NA
500,501,2.6722e-6,NA,FALSE,NA,NA,FALSE,NA,NA
501,502,1e-6,NA,FALSE,NA,NA,FALSE,NA,NA
498,503,2.5963e-6,NA,FALSE,NA,NA,FALSE,NA,NA
495,504,1e-6,NA,FALSE,NA,NA,FALSE,NA,NA
504,505,1e-6,NA,FALSE,NA,NA,FALSE,NA,NA
505,506,1e-6,NA,FALSE,NA,NA,FALSE,NA,NA
504,507,1e-6,NA,FALSE,NA,NA,FALSE,NA,NA
507,508,1e-6,NA,FALSE,NA,NA,FALSE,NA,NA
508,509,1e-6,NA,FALSE,NA,NA,FALSE,NA,NA
509,510,1e-6,NA,FALSE,NA,NA,FALSE,NA,NA
510,511,1e-6,NA,FALSE,NA,NA,FALSE,NA,NA
511,512,2.7387e-6,NA,FALSE,NA,NA,FALSE,NA,NA
512,513,2.5891e-6,NA,FALSE,NA,NA,FALSE,NA,NA
513,514,2.5948e-6,NA,FALSE,NA,NA,FALSE,NA,NA
514,515,4.083757e-4,NA,FALSE,NA,NA,FALSE,NA,NA
515,516,2.5912e-6,NA,FALSE,NA,NA,FALSE,NA,NA
516,517,2.5927e-6,NA,FALSE,NA,NA,FALSE,NA,NA
517,518,2.057895e-4,NA,FALSE,NA,NA,FALSE,NA,NA
516,519,2.2249e-6,NA,FALSE,NA,NA,FALSE,NA,NA
512,520,1e-6,NA,FALSE,NA,NA,FALSE,NA,NA
520,521,2.5958e-6,NA,FALSE,NA,NA,FALSE,NA,NA
521,522,1e-6,NA,FALSE,NA,NA,FALSE,NA,NA
510,523,1e-6,NA,FALSE,NA,NA,FALSE,NA,NA
523,524,1e-6,NA,FALSE,NA,NA,FALSE,NA,NA
524,525,1e-6,NA,FALSE,NA,NA,FALSE,NA,NA
525,526,1e-6,NA,FALSE,NA,NA,FALSE,NA,NA
526,527,1e-6,NA,FALSE,NA,NA,FALSE,NA,NA
526,528,1e-6,NA,FALSE,NA,NA,FALSE,NA,NA
524,529,1e-6,NA,FALSE,NA,NA,FALSE,NA,NA
529,530,6.175927e-4,NA,FALSE,NA,NA,FALSE,NA,NA
509,531,1e-6,NA,FALSE,NA,NA,FALSE,NA,NA
508,532,1e-6,NA,FALSE,NA,NA,FALSE,NA,NA
532,533,1e-6,NA,FALSE,NA,NA,FALSE,NA,NA
533,534,1e-6,NA,FALSE,NA,NA,FALSE,NA,NA
534,535,1e-6,NA,FALSE,NA,NA,FALSE,NA,NA
532,536,2.050646e-4,NA,FALSE,NA,NA,FALSE,NA,NA
507,537,1e-6,NA,FALSE,NA,NA,FALSE,NA,NA
537,538,1e-6,NA,FALSE,NA,NA,FALSE,NA,NA
538,539,1e-6,NA,FALSE,NA,NA,FALSE,NA,NA
539,540,1e-6,NA,FALSE,NA,NA,FALSE,NA,NA
494,541,2.05902e-4,NA,FALSE,NA,NA,FALSE,NA,NA
541,542,2.8664e-6,NA,FALSE,NA,NA,FALSE,NA,NA
542,543,1.4809e-6,NA,FALSE,NA,NA,FALSE,NA,NA
543,544,2.6381e-6,NA,FALSE,NA,NA,FALSE,NA,NA
544,545,2.0589e-6,NA,FALSE,NA,NA,FALSE,NA,NA
545,546,2.3186e-6,NA,FALSE,NA,NA,FALSE,NA,NA
546,547,2.3566e-6,NA,FALSE,NA,NA,FALSE,NA,NA
547,548,2.0374e-6,NA,FALSE,NA,NA,FALSE,NA,NA
548,549,1.16013e-5,NA,FALSE,NA,NA,FALSE,NA,NA
549,550,1.5588e-6,NA,FALSE,NA,NA,FALSE,NA,NA
550,551,2.2977e-6,NA,FALSE,NA,NA,FALSE,NA,NA
551,552,1.0076e-6,NA,FALSE,NA,NA,FALSE,NA,NA
552,553,3.4334e-6,NA,FALSE,NA,NA,FALSE,NA,NA
553,554,1.0013e-6,NA,FALSE,NA,NA,FALSE,NA,NA
554,555,1.3717e-6,NA,FALSE,NA,NA,FALSE,NA,NA
555,556,1.699859e-4,NA,FALSE,NA,NA,FALSE,NA,NA
542,557,2.038859e-4,NA,FALSE,NA,NA,FALSE,NA,NA
557,558,1e-6,NA,FALSE,NA,NA,FALSE,NA,NA
558,559,1e-6,NA,FALSE,NA,NA,FALSE,NA,NA
559,560,1e-6,NA,FALSE,NA,NA,FALSE,NA,NA
493,561,2.5909e-6,NA,FALSE,NA,NA,FALSE,NA,NA
561,562,2.027955e-4,NA,FALSE,NA,NA,FALSE,NA,NA
562,563,2.561e-6,NA,FALSE,NA,NA,FALSE,NA,NA
563,564,2.05649e-4,NA,FALSE,NA,NA,FALSE,NA,NA
564,565,2.05615e-4,NA,FALSE,NA,NA,FALSE,NA,NA
564,566,2.5996e-6,NA,FALSE,NA,NA,FALSE,NA,NA
566,567,1e-6,NA,FALSE,NA,NA,FALSE,NA,NA
567,568,1e-6,NA,FALSE,NA,NA,FALSE,NA,NA
562,569,2.844465e-4,NA,FALSE,NA,NA,FALSE,NA,NA
569,570,1e-6,NA,FALSE,NA,NA,FALSE,NA,NA
561,571,1e-6,NA,FALSE,NA,NA,FALSE,NA,NA
571,572,2.5922e-6,NA,FALSE,NA,NA,FALSE,NA,NA
572,573,1e-6,NA,FALSE,NA,NA,FALSE,NA,NA
573,574,1e-6,NA,FALSE,NA,NA,FALSE,NA,NA
572,575,1e-6,NA,FALSE,NA,NA,FALSE,NA,NA
575,576,2.5967e-6,NA,FALSE,NA,NA,FALSE,NA,NA
576,577,6.218368e-4,NA,FALSE,NA,NA,FALSE,NA,NA
577,578,2.6892e-6,NA,FALSE,NA,NA,FALSE,NA,NA
576,579,1e-6,NA,FALSE,NA,NA,FALSE,NA,NA
575,580,2.052681e-4,NA,FALSE,NA,NA,FALSE,NA,NA
571,581,4.10893e-4,NA,FALSE,NA,NA,FALSE,NA,NA
581,582,2.5737e-6,NA,FALSE,NA,NA,FALSE,NA,NA
582,583,1e-6,NA,FALSE,NA,NA,FALSE,NA,NA
492,584,2.562e-6,NA,FALSE,NA,NA,FALSE,NA,NA
584,585,1e-6,NA,FALSE,NA,NA,FALSE,NA,NA
585,586,1e-6,NA,FALSE,NA,NA,FALSE,NA,NA
586,587,1e-6,NA,FALSE,NA,NA,FALSE,NA,NA
587,588,1e-6,NA,FALSE,NA,NA,FALSE,NA,NA
588,589,1e-6,NA,FALSE,NA,NA,FALSE,NA,NA
589,590,1e-6,NA,FALSE,NA,NA,FALSE,NA,NA
590,591,1e-6,NA,FALSE,NA,NA,FALSE,NA,NA
589,592,2.8039e-6,NA,FALSE,NA,NA,FALSE,NA,NA
592,593,2.053655e-4,NA,FALSE,NA,NA,FALSE,NA,NA
593,594,1e-6,NA,FALSE,NA,NA,FALSE,NA,NA
588,595,1e-6,NA,FALSE,NA,NA,FALSE,NA,NA
595,596,1e-6,NA,FALSE,NA,NA,FALSE,NA,NA
596,597,1e-6,NA,FALSE,NA,NA,FALSE,NA,NA
597,598,1e-6,NA,FALSE,NA,NA,FALSE,NA,NA
587,599,1e-6,NA,FALSE,NA,NA,FALSE,NA,NA
599,600,1e-6,NA,FALSE,NA,NA,FALSE,NA,NA
600,601,0,NA,FALSE,NA,NA,FALSE,NA,NA
601,602,0,NA,FALSE,NA,NA,FALSE,NA,NA
602,603,0,NA,FALSE,NA,NA,FALSE,NA,NA
599,604,1e-6,NA,FALSE,NA,NA,FALSE,NA,NA
586,605,1e-6,NA,FALSE,NA,NA,FALSE,NA,NA
605,606,1e-6,NA,FALSE,NA,NA,FALSE,NA,NA
606,607,1e-6,NA,FALSE,NA,NA,FALSE,NA,NA
607,608,1e-6,NA,FALSE,NA,NA,FALSE,NA,NA
585,609,1e-6,NA,FALSE,NA,NA,FALSE,NA,NA
609,610,1e-6,NA,FALSE,NA,NA,FALSE,NA,NA
610,611,1e-6,NA,FALSE,NA,NA,FALSE,NA,NA
609,612,1e-6,NA,FALSE,NA,NA,FALSE,NA,NA
612,613,1e-6,NA,FALSE,NA,NA,FALSE,NA,NA
613,614,1e-6,NA,FALSE,NA,NA,FALSE,NA,NA
614,615,1e-6,NA,FALSE,NA,NA,FALSE,NA,NA
613,616,1e-6,NA,FALSE,NA,NA,FALSE,NA,NA
616,617,1e-6,NA,FALSE,NA,NA,FALSE,NA,NA
617,618,1e-6,NA,FALSE,NA,NA,FALSE,NA,NA
584,619,1e-6,NA,FALSE,NA,NA,FALSE,NA,NA
619,620,1e-6,NA,FALSE,NA,NA,FALSE,NA,NA
620,621,1e-6,NA,FALSE,NA,NA,FALSE,NA,NA
621,622,1e-6,NA,FALSE,NA,NA,FALSE,NA,NA
622,623,1e-6,NA,FALSE,NA,NA,FALSE,NA,NA
623,624,2.5876e-6,NA,FALSE,NA,NA,FALSE,NA,NA
624,625,2.05051e-4,NA,FALSE,NA,NA,FALSE,NA,NA
625,626,2.4834e-6,NA,FALSE,NA,NA,FALSE,NA,NA
626,627,2.5981e-6,NA,FALSE,NA,NA,FALSE,NA,NA
627,628,2.5255e-6,NA,FALSE,NA,NA,FALSE,NA,NA
626,629,1e-6,NA,FALSE,NA,NA,FALSE,NA,NA
629,630,2.054676e-4,NA,FALSE,NA,NA,FALSE,NA,NA
625,631,2.2892e-6,NA,FALSE,NA,NA,FALSE,NA,NA
631,632,4.096393e-4,NA,FALSE,NA,NA,FALSE,NA,NA
624,633,2.5928e-6,NA,FALSE,NA,NA,FALSE,NA,NA
633,634,4.106141e-4,NA,FALSE,NA,NA,FALSE,NA,NA
634,635,2.6169e-6,NA,FALSE,NA,NA,FALSE,NA,NA
633,636,4.107592e-4,NA,FALSE,NA,NA,FALSE,NA,NA
636,637,2.6004e-6,NA,FALSE,NA,NA,FALSE,NA,NA
637,638,1e-6,NA,FALSE,NA,NA,FALSE,NA,NA
623,639,1e-6,NA,FALSE,NA,NA,FALSE,NA,NA
639,640,1e-6,NA,FALSE,NA,NA,FALSE,NA,NA
640,641,1e-6,NA,FALSE,NA,NA,FALSE,NA,NA
641,642,1e-6,NA,FALSE,NA,NA,FALSE,NA,NA
642,643,1e-6,NA,FALSE,NA,NA,FALSE,NA,NA
622,644,1e-6,NA,FALSE,NA,NA,FALSE,NA,NA
644,645,1e-6,NA,FALSE,NA,NA,FALSE,NA,NA
645,646,1e-6,NA,FALSE,NA,NA,FALSE,NA,NA
646,647,2.2004e-6,NA,FALSE,NA,NA,FALSE,NA,NA
647,648,1e-6,NA,FALSE,NA,NA,FALSE,NA,NA
648,649,2.055927e-4,NA,FALSE,NA,NA,FALSE,NA,NA
649,650,4.118965e-4,NA,FALSE,NA,NA,FALSE,NA,NA
650,651,1e-6,NA,FALSE,NA,NA,FALSE,NA,NA
648,652,2.5929e-6,NA,FALSE,NA,NA,FALSE,NA,NA
652,653,1e-6,NA,FALSE,NA,NA,FALSE,NA,NA
653,654,1e-6,NA,FALSE,NA,NA,FALSE,NA,NA
647,655,2.054785e-4,NA,FALSE,NA,NA,FALSE,NA,NA
646,656,1e-6,NA,FALSE,NA,NA,FALSE,NA,NA
645,657,1e-6,NA,FALSE,NA,NA,FALSE,NA,NA
657,658,1e-6,NA,FALSE,NA,NA,FALSE,NA,NA
658,659,0,NA,FALSE,NA,NA,FALSE,NA,NA
644,660,1e-6,NA,FALSE,NA,NA,FALSE,NA,NA
621,661,1e-6,NA,FALSE,NA,NA,FALSE,NA,NA
661,662,1e-6,NA,FALSE,NA,NA,FALSE,NA,NA
620,663,1e-6,NA,FALSE,NA,NA,FALSE,NA,NA
663,664,1e-6,NA,FALSE,NA,NA,FALSE,NA,NA
664,665,1e-6,NA,FALSE,NA,NA,FALSE,NA,NA
665,666,1e-6,NA,FALSE,NA,NA,FALSE,NA,NA
666,667,1e-6,NA,FALSE,NA,NA,FALSE,NA,NA
667,668,1e-6,NA,FALSE,NA,NA,FALSE,NA,NA
665,669,2.0049e-6,NA,FALSE,NA,NA,FALSE,NA,NA
669,670,1e-6,NA,FALSE,NA,NA,FALSE,NA,NA
619,671,1e-6,NA,FALSE,NA,NA,FALSE,NA,NA
671,672,2.056759e-4,NA,FALSE,NA,NA,FALSE,NA,NA
672,673,1e-6,NA,FALSE,NA,NA,FALSE,NA,NA
673,674,1e-6,NA,FALSE,NA,NA,FALSE,NA,NA
491,675,1.801375e-4,NA,FALSE,NA,NA,FALSE,NA,NA
675,676,2.9451e-6,NA,FALSE,NA,NA,FALSE,NA,NA
676,677,2.067369e-4,NA,FALSE,NA,NA,FALSE,NA,NA
676,678,1.95728e-5,NA,FALSE,NA,NA,FALSE,NA,NA
675,679,2.052182e-4,NA,FALSE,NA,NA,FALSE,NA,NA
490,680,1e-6,NA,FALSE,NA,NA,FALSE,NA,NA
489,681,2.5557e-6,NA,FALSE,NA,NA,FALSE,NA,NA
681,682,2.000175e-4,NA,FALSE,NA,NA,FALSE,NA,NA
682,683,2.5758e-6,NA,FALSE,NA,NA,FALSE,NA,NA
683,684,1e-6,NA,FALSE,NA,NA,FALSE,NA,NA
488,685,6.15503e-4,NA,FALSE,NA,NA,FALSE,NA,NA
685,686,1e-6,NA,FALSE,NA,NA,FALSE,NA,NA
686,687,1e-6,NA,FALSE,NA,NA,FALSE,NA,NA
687,688,1e-6,NA,FALSE,NA,NA,FALSE,NA,NA
486,689,2.046796e-4,NA,FALSE,NA,NA,FALSE,NA,NA
689,690,1e-6,NA,FALSE,NA,NA,FALSE,NA,NA
690,691,1e-6,NA,FALSE,NA,NA,FALSE,NA,NA
691,692,1e-6,NA,FALSE,NA,NA,FALSE,NA,NA
692,693,1e-6,NA,FALSE,NA,NA,FALSE,NA,NA
692,694,1e-6,NA,FALSE,NA,NA,FALSE,NA,NA
694,695,1e-6,NA,FALSE,NA,NA,FALSE,NA,NA
691,696,1e-6,NA,FALSE,NA,NA,FALSE,NA,NA
483,697,2.031585e-4,NA,FALSE,NA,NA,FALSE,NA,NA
480,698,2.5465e-6,NA,FALSE,NA,NA,FALSE,NA,NA
698,699,4.108255e-4,NA,FALSE,NA,NA,FALSE,NA,NA
699,700,2.045857e-4,NA,FALSE,NA,NA,FALSE,NA,NA
700,701,1e-6,NA,FALSE,NA,NA,FALSE,NA,NA
701,702,1e-6,NA,FALSE,NA,NA,FALSE,NA,NA
702,703,1e-6,NA,FALSE,NA,NA,FALSE,NA,NA
703,704,1e-6,NA,FALSE,NA,NA,FALSE,NA,NA
704,705,1e-6,NA,FALSE,NA,NA,FALSE,NA,NA
704,706,1e-6,NA,FALSE,NA,NA,FALSE,NA,NA
703,707,1e-6,NA,FALSE,NA,NA,FALSE,NA,NA
702,708,1e-6,NA,FALSE,NA,NA,FALSE,NA,NA
708,709,1e-6,NA,FALSE,NA,NA,FALSE,NA,NA
709,710,1e-6,NA,FALSE,NA,NA,FALSE,NA,NA
710,711,1e-6,NA,FALSE,NA,NA,FALSE,NA,NA
711,712,1e-6,NA,FALSE,NA,NA,FALSE,NA,NA
710,713,1e-6,NA,FALSE,NA,NA,FALSE,NA,NA
713,714,1e-6,NA,FALSE,NA,NA,FALSE,NA,NA
713,715,1e-6,NA,FALSE,NA,NA,FALSE,NA,NA
709,716,1e-6,NA,FALSE,NA,NA,FALSE,NA,NA
700,717,1e-6,NA,FALSE,NA,NA,FALSE,NA,NA
717,718,1e-6,NA,FALSE,NA,NA,FALSE,NA,NA
718,719,1e-6,NA,FALSE,NA,NA,FALSE,NA,NA
719,720,1e-6,NA,FALSE,NA,NA,FALSE,NA,NA
720,721,1e-6,NA,FALSE,NA,NA,FALSE,NA,NA
698,722,2.735445e-4,NA,FALSE,NA,NA,FALSE,NA,NA
722,723,5.462548e-4,NA,FALSE,NA,NA,FALSE,NA,NA
723,724,1e-6,NA,FALSE,NA,NA,FALSE,NA,NA
724,725,1e-6,NA,FALSE,NA,NA,FALSE,NA,NA
725,726,1e-6,NA,FALSE,NA,NA,FALSE,NA,NA
725,727,4.107681e-4,NA,FALSE,NA,NA,FALSE,NA,NA
727,728,1e-6,NA,FALSE,NA,NA,FALSE,NA,NA
728,729,1e-6,NA,FALSE,NA,NA,FALSE,NA,NA
729,730,1e-6,NA,FALSE,NA,NA,FALSE,NA,NA
730,731,1e-6,NA,FALSE,NA,NA,FALSE,NA,NA
729,732,1e-6,NA,FALSE,NA,NA,FALSE,NA,NA
727,733,4.107322e-4,NA,FALSE,NA,NA,FALSE,NA,NA
733,734,2.1253e-6,NA,FALSE,NA,NA,FALSE,NA,NA
734,735,1.2381e-6,NA,FALSE,NA,NA,FALSE,NA,NA
735,736,1.3087e-6,NA,FALSE,NA,NA,FALSE,NA,NA
736,737,1.7534e-6,NA,FALSE,NA,NA,FALSE,NA,NA
737,738,1.871397e-4,NA,FALSE,NA,NA,FALSE,NA,NA
738,739,1.4815e-6,NA,FALSE,NA,NA,FALSE,NA,NA
739,740,5.8103e-6,NA,FALSE,NA,NA,FALSE,NA,NA
740,741,2.9723e-6,NA,FALSE,NA,NA,FALSE,NA,NA
734,742,2.029328e-4,NA,FALSE,NA,NA,FALSE,NA,NA
479,743,2.5951e-6,NA,FALSE,NA,NA,FALSE,NA,NA
743,744,2.052694e-4,NA,FALSE,NA,NA,FALSE,NA,NA
393,745,0.0011167155,NA,FALSE,NA,NA,FALSE,NA,NA
390,746,0.0029561495,NA,FALSE,NA,NA,FALSE,NA,NA
746,747,0.0022075044,NA,FALSE,NA,NA,FALSE,NA,NA
747,748,0.0024963866,NA,FALSE,NA,NA,FALSE,NA,NA
748,749,2.042552e-4,NA,FALSE,NA,NA,FALSE,NA,NA
749,750,0.0015122386,NA,FALSE,NA,NA,FALSE,NA,NA
750,751,0.0019469667,NA,FALSE,NA,NA,FALSE,NA,NA
751,752,6.478599e-4,NA,FALSE,NA,NA,FALSE,NA,NA
752,753,2.5871e-6,NA,FALSE,NA,NA,FALSE,NA,NA
753,754,4.100117e-4,NA,FALSE,NA,NA,FALSE,NA,NA
754,755,1e-6,NA,FALSE,NA,NA,FALSE,NA,NA
749,756,2.5831e-6,NA,FALSE,NA,NA,FALSE,NA,NA
756,757,2.302219e-4,NA,FALSE,NA,NA,FALSE,NA,NA
757,758,6.364414e-4,NA,FALSE,NA,NA,FALSE,NA,NA
748,759,0.0010254363,NA,FALSE,NA,NA,FALSE,NA,NA
759,760,8.284966e-4,NA,FALSE,NA,NA,FALSE,NA,NA
760,761,7.02945e-4,NA,FALSE,NA,NA,FALSE,NA,NA
760,762,6.217626e-4,NA,FALSE,NA,NA,FALSE,NA,NA
762,763,2.6244e-6,NA,FALSE,NA,NA,FALSE,NA,NA
762,764,2.071615e-4,NA,FALSE,NA,NA,FALSE,NA,NA
764,765,1e-6,NA,FALSE,NA,NA,FALSE,NA,NA
765,766,1e-6,NA,FALSE,NA,NA,FALSE,NA,NA
766,767,1e-6,NA,FALSE,NA,NA,FALSE,NA,NA
759,768,4.159455e-4,NA,FALSE,NA,NA,FALSE,NA,NA
768,769,1e-6,NA,FALSE,NA,NA,FALSE,NA,NA
747,770,0.0017415014,NA,FALSE,NA,NA,FALSE,NA,NA
770,771,0.0153791985,NA,FALSE,NA,NA,FALSE,NA,NA
389,772,0.0232852621,NA,FALSE,NA,NA,FALSE,NA,NA
