parent,node,branch.length,new_label,is.ref,is_webby,host,host_class,collection_date,location
327,1,0.0050323109,s0000,TRUE,FALSE,Goose,Domestic bird,2002,Hong Kong
328,2,0.0054715726,s0001,TRUE,FALSE,Chicken,Domestic bird,2009,Egypt
356,3,4.249593e-4,s0003,TRUE,FALSE,Commercial milk,Commercial milk,2024,USA
356,4,4.159789e-4,SRR28752556,FALSE,FALSE,Cattle,Cattle,2024,USA
355,5,1e-6,SRR28752474,FALSE,FALSE,Cat,Domestic mammal,2024,USA
360,6,1e-6,SRR28752650,FALSE,FALSE,Cattle,Cattle,2024,USA
360,7,4.132498e-4,SRR28752578,FALSE,FALSE,Cattle,Cattle,2024,USA
359,8,1e-6,SRR28752677,FALSE,FALSE,Cattle,Cattle,2024,USA
361,9,2.057257e-4,SRR28752468,FALSE,FALSE,Chicken,Domestic bird,2024,USA
361,10,4.118655e-4,SRR28752457,FALSE,FALSE,Chicken,Domestic bird,2024,USA
357,11,1e-6,SRR28752525,FALSE,FALSE,Cattle,Cattle,2024,USA
366,12,1e-6,SRR28752651,FALSE,FALSE,Cattle,Cattle,2024,USA
367,13,2.058903e-4,SRR28752654,FALSE,FALSE,Cattle,Cattle,2024,USA
368,14,1e-6,SRR28752663,FALSE,FALSE,Cattle,Cattle,2024,USA
368,15,1e-6,SRR28752675,FALSE,FALSE,Cattle,Cattle,2024,USA
365,16,1e-6,SRR28752565,FALSE,FALSE,Cattle,Cattle,2024,USA
370,17,0,SRR28752487,FALSE,FALSE,Cattle,Cattle,2024,USA
370,18,0,SRR28752498,FALSE,FALSE,Cattle,Cattle,2024,USA
369,19,1e-6,SRR28752527,FALSE,FALSE,Cattle,Cattle,2024,USA
363,20,1e-6,SRR28752624,FALSE,FALSE,Cattle,Cattle,2024,USA
371,21,4.106855e-4,SRR28752559,FALSE,FALSE,Cattle,Cattle,2024,USA
372,22,1e-6,SRR28752473,FALSE,FALSE,Cat,Domestic mammal,2024,USA
373,23,1e-6,SRR28752665,FALSE,FALSE,Cat,Domestic mammal,2024,USA
373,24,4.112541e-4,SRR28752532,FALSE,FALSE,Cattle,Cattle,2024,USA
377,25,1e-6,SRR28752446,FALSE,FALSE,Blackbird,Wild bird,2024,USA
378,26,2.054085e-4,SRR28752476,FALSE,FALSE,Cattle,Cattle,2024,USA
379,27,8.24336e-4,SRR28752533,FALSE,FALSE,Cattle,Cattle,2024,USA
379,28,8.225401e-4,SRR28752531,FALSE,FALSE,Cattle,Cattle,2024,USA
376,29,2.5889e-6,SRR28752530,FALSE,FALSE,Cattle,Cattle,2024,USA
380,30,2.058094e-4,SRR28752536,FALSE,FALSE,Chicken,Domestic bird,2024,USA
380,31,2.091752e-4,SRR28752463,FALSE,FALSE,Cattle,Cattle,2024,USA
381,32,1e-6,SRR28752635,FALSE,FALSE,Cattle,Cattle,2024,USA
381,33,1e-6,SRR28752509,FALSE,FALSE,Cattle,Cattle,2024,USA
384,34,1e-6,SRR28752661,FALSE,FALSE,Cattle,Cattle,2024,USA
384,35,1e-6,SRR28752561,FALSE,FALSE,Cattle,Cattle,2024,USA
383,36,1e-6,SRR28752666,FALSE,FALSE,Cat,Domestic mammal,2024,USA
382,37,1e-6,SRR28752647,FALSE,FALSE,Cattle,Cattle,2024,USA
350,38,2.054026e-4,SRR28752664,FALSE,FALSE,Cattle,Cattle,2024,USA
349,39,1e-6,SRR28752538,FALSE,FALSE,Cattle,Cattle,2024,USA
393,40,4.108695e-4,SRR28752619,FALSE,FALSE,Cattle,Cattle,2024,USA
395,41,4.12315e-4,SRR28752550,FALSE,FALSE,Cattle,Cattle,2024,USA
395,42,1e-6,SRR28752547,FALSE,FALSE,Cattle,Cattle,2024,USA
394,43,4.110324e-4,SRR28752621,FALSE,FALSE,Cattle,Cattle,2024,USA
397,44,1e-6,SRR28752562,FALSE,FALSE,Cattle,Cattle,2024,USA
397,45,1e-6,SRR28752620,FALSE,FALSE,Cattle,Cattle,2024,USA
396,46,1e-6,SRR28752548,FALSE,FALSE,Cattle,Cattle,2024,USA
391,47,1e-6,SRR28752541,FALSE,FALSE,Cattle,Cattle,2024,USA
398,48,1e-6,SRR28752542,FALSE,FALSE,Cattle,Cattle,2024,USA
398,49,1e-6,SRR28752543,FALSE,FALSE,Cattle,Cattle,2024,USA
389,50,2.052842e-4,SRR28752544,FALSE,FALSE,Cattle,Cattle,2024,USA
388,51,2.057336e-4,SRR28752546,FALSE,FALSE,Cattle,Cattle,2024,USA
387,52,4.129717e-4,SRR28752551,FALSE,FALSE,Cattle,Cattle,2024,USA
399,53,1e-6,SRR28752618,FALSE,FALSE,Cattle,Cattle,2024,USA
400,54,1e-6,SRR28752552,FALSE,FALSE,Cattle,Cattle,2024,USA
402,55,2.054025e-4,SRR28752617,FALSE,FALSE,Cattle,Cattle,2024,USA
404,56,1e-6,SRR28752539,FALSE,FALSE,Cattle,Cattle,2024,USA
404,57,1e-6,SRR28752545,FALSE,FALSE,Cattle,Cattle,2024,USA
403,58,4.109103e-4,SRR28752540,FALSE,FALSE,Cattle,Cattle,2024,USA
401,59,1e-6,SRR28752475,FALSE,FALSE,Cattle,Cattle,2024,USA
385,60,2.068119e-4,SRR28752537,FALSE,FALSE,Cattle,Cattle,2024,USA
407,61,1e-6,SRR28752658,FALSE,FALSE,Cattle,Cattle,2024,USA
409,62,5.514346e-4,SRR28834851,FALSE,FALSE,Cattle,Cattle,2024,USA
409,63,7.326795e-4,SRR28834850,FALSE,FALSE,Cattle,Cattle,2024,USA
408,64,1e-6,SRR28752637,FALSE,FALSE,Cattle,Cattle,2024,USA
406,65,1e-6,SRR28752526,FALSE,FALSE,Cattle,Cattle,2024,USA
412,66,3.447613e-4,SRR28834892,FALSE,FALSE,Cattle,Cattle,2024,USA
412,67,3.225602e-4,SRR28834893,FALSE,FALSE,Cattle,Cattle,2024,USA
411,68,3.792613e-4,SRR28834894,FALSE,FALSE,Cattle,Cattle,2024,USA
413,69,4.114636e-4,SRR28752534,FALSE,FALSE,Cattle,Cattle,2024,USA
413,70,0.0012377371,SRR28752458,FALSE,FALSE,Cattle,Cattle,2024,USA
420,71,2.057683e-4,SRR28752557,FALSE,FALSE,Cattle,Cattle,2024,USA
420,72,2.5223e-6,SRR28752566,FALSE,FALSE,Cattle,Cattle,2024,USA
419,73,2.055465e-4,SRR28752529,FALSE,FALSE,Cattle,Cattle,2024,USA
421,74,2.061488e-4,SRR28752567,FALSE,FALSE,Cattle,Cattle,2024,USA
421,75,1e-6,SRR28752676,FALSE,FALSE,Cattle,Cattle,2024,USA
417,76,1e-6,SRR28752558,FALSE,FALSE,Cattle,Cattle,2024,USA
416,77,2.053957e-4,SRR28752563,FALSE,FALSE,Blackbird,Wild bird,2024,USA
423,78,2.054208e-4,SRR28752560,FALSE,FALSE,Cattle,Cattle,2024,USA
426,79,4.125636e-4,SRR28752579,FALSE,FALSE,Cattle,Cattle,2024,USA
426,80,1e-6,SRR28752581,FALSE,FALSE,Cattle,Cattle,2024,USA
425,81,2.059501e-4,SRR28752580,FALSE,FALSE,Cattle,Cattle,2024,USA
424,82,1e-6,SRR28752583,FALSE,FALSE,Cattle,Cattle,2024,USA
427,83,1e-6,SRR28752584,FALSE,FALSE,Cattle,Cattle,2024,USA
427,84,2.062236e-4,SRR28752582,FALSE,FALSE,Cattle,Cattle,2024,USA
431,85,2.057904e-4,SRR28752653,FALSE,FALSE,Cattle,Cattle,2024,USA
431,86,1e-6,SRR28752659,FALSE,FALSE,Cattle,Cattle,2024,USA
434,87,6.205094e-4,SRR28752652,FALSE,FALSE,Cattle,Cattle,2024,USA
434,88,1e-6,SRR28752656,FALSE,FALSE,Cattle,Cattle,2024,USA
433,89,8.24581e-4,SRR28752657,FALSE,FALSE,Cattle,Cattle,2024,USA
432,90,1e-6,SRR28752662,FALSE,FALSE,Cattle,Cattle,2024,USA
429,91,6.17482e-4,SRR28752494,FALSE,FALSE,Cattle,Cattle,2024,USA
428,92,1e-6,SRR28752564,FALSE,FALSE,Cattle,Cattle,2024,USA
458,93,1e-6,SRR28752554,FALSE,FALSE,Cattle,Cattle,2024,USA
459,94,4.129019e-4,SRR28752667,FALSE,FALSE,Cattle,Cattle,2024,USA
459,95,1e-6,SRR28752640,FALSE,FALSE,Chicken,Domestic bird,2024,USA
457,96,4.615383e-4,SRR28834888,FALSE,FALSE,Cattle,Cattle,2024,USA
461,97,1e-6,SRR28752598,FALSE,FALSE,Cattle,Cattle,2024,USA
462,98,2.079664e-4,SRR28752510,FALSE,FALSE,Cattle,Cattle,2024,USA
462,99,1e-6,SRR28752589,FALSE,FALSE,Cattle,Cattle,2024,USA
460,100,2.082989e-4,SRR28752612,FALSE,FALSE,Cattle,Cattle,2024,USA
455,101,2.053372e-4,SRR28752649,FALSE,FALSE,Grackle,Wild bird,2024,USA
454,102,1e-6,SRR28752505,FALSE,FALSE,Cattle,Cattle,2024,USA
453,103,4.124316e-4,SRR28752586,FALSE,FALSE,Cattle,Cattle,2024,USA
452,104,1e-6,SRR28752616,FALSE,FALSE,Cattle,Cattle,2024,USA
451,105,2.058945e-4,SRR28752615,FALSE,FALSE,Cattle,Cattle,2024,USA
463,106,0,SRR28752595,FALSE,FALSE,Chicken,Domestic bird,2024,USA
463,107,0,SRR28752608,FALSE,FALSE,Cattle,Cattle,2024,USA
449,108,1e-6,SRR28752639,FALSE,FALSE,Chicken,Domestic bird,2024,USA
448,109,2.060387e-4,SRR28752576,FALSE,FALSE,Cattle,Cattle,2024,USA
447,110,1e-6,SRR28752448,FALSE,FALSE,Cattle,Cattle,2024,USA
446,111,1e-6,SRR28752607,FALSE,FALSE,Cattle,Cattle,2024,USA
445,112,4.108344e-4,SRR28752574,FALSE,FALSE,Grackle,Wild bird,2024,USA
468,113,1e-6,SRR28752555,FALSE,FALSE,Cattle,Cattle,2024,USA
469,114,2.097521e-4,SRR28752461,FALSE,FALSE,Cattle,Cattle,2024,USA
469,115,2.060521e-4,SRR28752456,FALSE,FALSE,Cattle,Cattle,2024,USA
472,116,4.122972e-4,SRR28752655,FALSE,FALSE,Cattle,Cattle,2024,USA
472,117,1e-6,SRR28752460,FALSE,FALSE,Cattle,Cattle,2024,USA
471,118,6.316442e-4,SRR28752464,FALSE,FALSE,Cattle,Cattle,2024,USA
470,119,2.054681e-4,SRR28752459,FALSE,FALSE,Cattle,Cattle,2024,USA
503,120,2.058701e-4,SRR28752599,FALSE,FALSE,Cattle,Cattle,2024,USA
504,121,1e-6,SRR28752591,FALSE,FALSE,Cattle,Cattle,2024,USA
504,122,2.059569e-4,SRR28752514,FALSE,FALSE,Cattle,Cattle,2024,USA
502,123,1e-6,SRR28752585,FALSE,FALSE,Cattle,Cattle,2024,USA
505,124,1e-6,SRR28752519,FALSE,FALSE,Cattle,Cattle,2024,USA
506,125,1e-6,SRR28752596,FALSE,FALSE,Cattle,Cattle,2024,USA
506,126,1e-6,SRR28752517,FALSE,FALSE,Cattle,Cattle,2024,USA
508,127,1e-6,SRR28752590,FALSE,FALSE,Cattle,Cattle,2024,USA
509,128,4.112077e-4,SRR28752592,FALSE,FALSE,Cattle,Cattle,2024,USA
509,129,1e-6,SRR28752605,FALSE,FALSE,Cattle,Cattle,2024,USA
507,130,2.092247e-4,SRR28752604,FALSE,FALSE,Cattle,Cattle,2024,USA
513,131,4.120043e-4,SRR28752597,FALSE,FALSE,Cattle,Cattle,2024,USA
514,132,1e-6,SRR28752516,FALSE,FALSE,Cattle,Cattle,2024,USA
514,133,1e-6,SRR28752593,FALSE,FALSE,Cattle,Cattle,2024,USA
512,134,1e-6,SRR28752453,FALSE,FALSE,Cattle,Cattle,2024,USA
511,135,4.11185e-4,SRR28752594,FALSE,FALSE,Cattle,Cattle,2024,USA
510,136,1e-6,SRR28752602,FALSE,FALSE,Cattle,Cattle,2024,USA
518,137,4.141479e-4,SRR28752515,FALSE,FALSE,Cattle,Cattle,2024,USA
518,138,4.120203e-4,SRR28752588,FALSE,FALSE,Cattle,Cattle,2024,USA
517,139,1e-6,SRR28752452,FALSE,FALSE,Cattle,Cattle,2024,USA
516,140,1e-6,SRR28752600,FALSE,FALSE,Cattle,Cattle,2024,USA
519,141,1e-6,SRR28752680,FALSE,FALSE,Cattle,Cattle,2024,USA
519,142,1e-6,SRR28752601,FALSE,FALSE,Cattle,Cattle,2024,USA
497,143,1e-6,SRR28752681,FALSE,FALSE,Cattle,Cattle,2024,USA
520,144,2.593e-6,SRR28752518,FALSE,FALSE,Cattle,Cattle,2024,USA
523,145,2.992478e-4,SRR28834852,FALSE,FALSE,Cattle,Cattle,2024,USA
523,146,4.117843e-4,SRR28752496,FALSE,FALSE,Chicken,Domestic bird,2024,USA
524,147,1e-6,SRR28752587,FALSE,FALSE,Cattle,Cattle,2024,USA
524,148,6.178527e-4,SRR28752603,FALSE,FALSE,Cattle,Cattle,2024,USA
528,149,4.457978e-4,SRR28834853,FALSE,FALSE,Cattle,Cattle,2024,USA
528,150,8.218057e-4,SRR28752495,FALSE,FALSE,Chicken,Domestic bird,2024,USA
527,151,2.054061e-4,SRR28752478,FALSE,FALSE,Cattle,Cattle,2024,USA
530,152,4.115338e-4,SRR28752479,FALSE,FALSE,Cattle,Cattle,2024,USA
530,153,6.164059e-4,SRR28752648,FALSE,FALSE,Cattle,Cattle,2024,USA
529,154,4.10978e-4,SRR28752646,FALSE,FALSE,Cattle,Cattle,2024,USA
531,155,1e-6,SRR28752629,FALSE,FALSE,Cattle,Cattle,2024,USA
535,156,1e-6,SRR28752628,FALSE,FALSE,Cattle,Cattle,2024,USA
537,157,1e-6,SRR28752627,FALSE,FALSE,Cattle,Cattle,2024,USA
537,158,1.178475e-4,SRR28752623,FALSE,FALSE,Cattle,Cattle,2024,USA
536,159,2.055553e-4,SRR28752634,FALSE,FALSE,Cattle,Cattle,2024,USA
534,160,1e-6,SRR28752633,FALSE,FALSE,Cattle,Cattle,2024,USA
533,161,1e-6,SRR28752535,FALSE,FALSE,Cattle,Cattle,2024,USA
538,162,1e-6,SRR28752625,FALSE,FALSE,Cattle,Cattle,2024,USA
539,163,1e-6,SRR28752631,FALSE,FALSE,Cattle,Cattle,2024,USA
540,164,1e-6,SRR28752630,FALSE,FALSE,Cattle,Cattle,2024,USA
540,165,2.61523e-5,SRR28752632,FALSE,FALSE,Cattle,Cattle,2024,USA
495,166,2.876128e-4,SRR28834890,FALSE,FALSE,Cattle,Cattle,2024,USA
494,167,2.535997e-4,SRR28834889,FALSE,FALSE,Cattle,Cattle,2024,USA
545,168,1e-6,SRR28752489,FALSE,FALSE,Cattle,Cattle,2024,USA
548,169,4.542922e-4,SRR28752482,FALSE,FALSE,Cattle,Cattle,2024,USA
549,170,1e-6,SRR28752668,FALSE,FALSE,Cattle,Cattle,2024,USA
549,171,2.079664e-4,SRR28752669,FALSE,FALSE,Cattle,Cattle,2024,USA
547,172,1e-6,SRR28752575,FALSE,FALSE,Cattle,Cattle,2024,USA
546,173,2.064216e-4,SRR28752611,FALSE,FALSE,Cattle,Cattle,2024,USA
544,174,1e-6,SRR28834854,FALSE,FALSE,Cattle,Cattle,2024,USA
543,175,2.05389e-4,SRR28752613,FALSE,FALSE,Cattle,Cattle,2024,USA
542,176,1e-6,SRR28752486,FALSE,FALSE,Cattle,Cattle,2024,USA
541,177,4.120098e-4,SRR28752622,FALSE,FALSE,Cattle,Cattle,2024,USA
492,178,1e-6,SRR28752506,FALSE,FALSE,Cattle,Cattle,2024,USA
491,179,2.055022e-4,SRR28752497,FALSE,FALSE,Cattle,Cattle,2024,USA
490,180,2.057638e-4,SRR28752503,FALSE,FALSE,Cattle,Cattle,2024,USA
489,181,2.051919e-4,SRR28752521,FALSE,FALSE,Grackle,Wild bird,2024,USA
553,182,1e-6,SRR28752447,FALSE,FALSE,Cattle,Cattle,2024,USA
555,183,2.5531e-6,SRR28752671,FALSE,FALSE,Chicken,Domestic bird,2024,USA
555,184,2.095001e-4,SRR28752467,FALSE,FALSE,Cattle,Cattle,2024,USA
554,185,1e-6,SRR28752570,FALSE,FALSE,Cattle,Cattle,2024,USA
552,186,1e-6,SRR28834855,FALSE,FALSE,PIGEON,Wild bird,2024,USA
551,187,1e-6,SRR28834891,FALSE,FALSE,Cattle,Cattle,2024,USA
550,188,2.06054e-4,SRR28752572,FALSE,FALSE,Cattle,Cattle,2024,USA
487,189,1e-6,SRR28752524,FALSE,FALSE,Cat,Domestic mammal,2024,USA
556,190,2.609e-6,SRR28752523,FALSE,FALSE,Cat,Domestic mammal,2024,USA
556,191,2.092198e-4,SRR28752462,FALSE,FALSE,Cattle,Cattle,2024,USA
557,192,1e-6,SRR28752610,FALSE,FALSE,Cattle,Cattle,2024,USA
557,193,2.065413e-4,SRR28752672,FALSE,FALSE,Cattle,Cattle,2024,USA
559,194,2.051835e-4,SRR28752490,FALSE,FALSE,Cattle,Cattle,2024,USA
560,195,1e-6,SRR28752491,FALSE,FALSE,Cattle,Cattle,2024,USA
560,196,1e-6,SRR28752493,FALSE,FALSE,Cattle,Cattle,2024,USA
558,197,8.220773e-4,SRR28752492,FALSE,FALSE,Cattle,Cattle,2024,USA
483,198,4.113888e-4,SRR28752500,FALSE,FALSE,Cattle,Cattle,2024,USA
564,199,0,SRR28752488,FALSE,FALSE,Cattle,Cattle,2024,USA
564,200,0,SRR28752449,FALSE,FALSE,Cattle,Cattle,2024,USA
563,201,0,SRR28752484,FALSE,FALSE,Cattle,Cattle,2024,USA
562,202,0,SRR28752451,FALSE,FALSE,Cattle,Cattle,2024,USA
561,203,0,SRR28752470,FALSE,FALSE,Cattle,Cattle,2024,USA
481,204,1e-6,SRR28752577,FALSE,FALSE,Cattle,Cattle,2024,USA
565,205,1e-6,SRR28752481,FALSE,FALSE,Cattle,Cattle,2024,USA
565,206,4.108846e-4,SRR28752638,FALSE,FALSE,Chicken,Domestic bird,2024,USA
479,207,1e-6,SRR28752472,FALSE,FALSE,Cattle,Cattle,2024,USA
478,208,1e-6,SRR28752507,FALSE,FALSE,Chicken,Domestic bird,2024,USA
477,209,1e-6,SRR28752660,FALSE,FALSE,Chicken,Domestic bird,2024,USA
476,210,1e-6,SRR28752571,FALSE,FALSE,Cattle,Cattle,2024,USA
567,211,4.107542e-4,SRR28752626,FALSE,FALSE,Cattle,Cattle,2024,USA
567,212,2.05515e-4,SRR28752678,FALSE,FALSE,Cattle,Cattle,2024,USA
566,213,1e-6,SRR28752670,FALSE,FALSE,Cattle,Cattle,2024,USA
568,214,4.109235e-4,SRR28752455,FALSE,FALSE,Cattle,Cattle,2024,USA
569,215,1e-6,SRR28752645,FALSE,FALSE,Cattle,Cattle,2024,USA
569,216,1e-6,SRR28752644,FALSE,FALSE,Cattle,Cattle,2024,USA
473,217,1e-6,SRR28752508,FALSE,FALSE,Chicken,Domestic bird,2024,USA
571,218,0.0010303027,SRR28752568,FALSE,FALSE,Raccoon,Wild mammal,2024,USA
571,219,1e-6,SRR28752673,FALSE,FALSE,Cattle,Cattle,2024,USA
570,220,1e-6,SRR28752674,FALSE,FALSE,Cattle,Cattle,2024,USA
464,221,4.113795e-4,SRR28752679,FALSE,FALSE,Cattle,Cattle,2024,USA
443,222,1e-6,SRR28752480,FALSE,FALSE,Cattle,Cattle,2024,USA
442,223,2.05899e-4,SRR28752569,FALSE,FALSE,Cattle,Cattle,2024,USA
441,224,2.054492e-4,SRR28752520,FALSE,FALSE,Chicken,Domestic bird,2024,USA
440,225,2.053139e-4,SRR28752483,FALSE,FALSE,Cattle,Cattle,2024,USA
439,226,1e-6,SRR28752454,FALSE,FALSE,Cattle,Cattle,2024,USA
438,227,1e-6,SRR28752485,FALSE,FALSE,Cattle,Cattle,2024,USA
437,228,1e-6,SRR28752682,FALSE,FALSE,Chicken,Domestic bird,2024,USA
436,229,1e-6,SRR28752553,FALSE,FALSE,Chicken,Domestic bird,2024,USA
574,230,1e-6,SRR28752614,FALSE,FALSE,Cattle,Cattle,2024,USA
574,231,4.127619e-4,SRR28752469,FALSE,FALSE,Cattle,Cattle,2024,USA
573,232,2.067324e-4,SRR28752643,FALSE,FALSE,Cattle,Cattle,2024,USA
572,233,2.686e-6,SRR28752466,FALSE,FALSE,Cattle,Cattle,2024,USA
577,234,1e-6,SRR28752501,FALSE,FALSE,Cattle,Cattle,2024,USA
577,235,2.059477e-4,SRR28752504,FALSE,FALSE,Cattle,Cattle,2024,USA
576,236,1e-6,SRR28752502,FALSE,FALSE,Cattle,Cattle,2024,USA
575,237,1e-6,SRR28752499,FALSE,FALSE,Cattle,Cattle,2024,USA
579,238,1e-6,SRR28752511,FALSE,FALSE,Cat,Domestic mammal,2024,USA
581,239,4.126355e-4,SRR28752513,FALSE,FALSE,Cat,Domestic mammal,2024,USA
581,240,1e-6,SRR28752512,FALSE,FALSE,Cat,Domestic mammal,2024,USA
580,241,1e-6,SRR28834895,FALSE,FALSE,Cat,Domestic mammal,2024,USA
578,242,7.283747e-4,SRR28834896,FALSE,FALSE,Cat,Domestic mammal,2024,USA
342,243,1e-6,SRR28752606,FALSE,FALSE,Chicken,Domestic bird,2024,USA
341,244,1e-6,SRR28752642,FALSE,FALSE,Cattle,Cattle,2024,USA
340,245,1e-6,SRR28752573,FALSE,FALSE,Cattle,Cattle,2024,USA
339,246,1e-6,SRR28752465,FALSE,FALSE,Cattle,Cattle,2024,USA
338,247,1e-6,SRR28752609,FALSE,FALSE,Cattle,Cattle,2024,USA
337,248,1e-6,SRR28752641,FALSE,FALSE,Chicken,Domestic bird,2024,USA
336,249,1e-6,SRR28752450,FALSE,FALSE,Cattle,Cattle,2024,USA
335,250,5.863348e-4,SRR28834887,FALSE,FALSE,Cattle,Cattle,2024,USA
583,251,0.0010303162,SRR28752522,FALSE,FALSE,Skunk,Wild mammal,2024,USA
583,252,1e-6,SRR28752684,FALSE,FALSE,Goose,Domestic bird,2024,USA
582,253,0.0018661896,SRR28752683,FALSE,FALSE,CAGO,Wild bird,2024,USA
333,254,0.0016466826,SRR28752636,FALSE,FALSE,PEFA,Wild bird,2024,USA
584,255,0.0028814749,SRR28834936,FALSE,FALSE,Skunk,Wild mammal,2024,USA
588,256,1e-6,SRR28834909,FALSE,FALSE,American Crow,Wild bird,2024,USA
588,257,2.390017e-4,SRR28834920,FALSE,FALSE,American Crow,Wild bird,2024,USA
587,258,0.0020720622,SRR28834886,FALSE,FALSE,Canada Goose,Wild bird,2024,USA
586,259,0.0018361516,SRR28834902,FALSE,FALSE,Ganada Goose,Wild bird,2024,USA
585,260,0.0018248147,SRR28834951,FALSE,FALSE,Western Gull,Wild bird,2024,USA
595,261,6.595661e-4,SRR28834939,FALSE,FALSE,Turkey Vulture,Wild bird,2024,USA
595,262,0.0012358937,SRR28834913,FALSE,FALSE,Mute Swan,Wild bird,2024,USA
594,263,0.0022681002,SRR28834905,FALSE,FALSE,Red Tailed Hawk,Wild bird,2024,USA
596,264,8.212672e-4,SRR28834930,FALSE,FALSE,Cat,Domestic mammal,2024,USA
597,265,0.0010582204,SRR28834901,FALSE,FALSE,American Crow,Wild bird,2024,USA
598,266,1e-6,SRR28834922,FALSE,FALSE,Chicken,Domestic bird,2024,USA
598,267,1e-6,SRR28834923,FALSE,FALSE,Chicken,Domestic bird,2024,USA
600,268,0.0018541616,SRR28834931,FALSE,FALSE,Canada Goose,Wild bird,2024,USA
601,269,1e-6,SRR28834884,FALSE,FALSE,Chicken,Domestic bird,2024,USA
601,270,1e-6,SRR28834962,FALSE,FALSE,Chicken,Domestic bird,2024,USA
599,271,8.233358e-4,SRR28834937,FALSE,FALSE,Snow Goose,Wild bird,2024,USA
591,272,0.0022729886,SRR28834885,FALSE,FALSE,Mountain Lion,Wild mammal,2024,USA
604,273,0.0020516861,SRR28834938,FALSE,FALSE,Chicken,Domestic bird,2024,USA
606,274,0.0016694476,SRR28834941,FALSE,FALSE,Common Raven,Wild bird,2024,USA
606,275,0.0018793339,SRR28834903,FALSE,FALSE,Great Horned Owl,Wild bird,2024,USA
605,276,0.0012502322,SRR28834964,FALSE,FALSE,Red Tailed Hawk,Wild bird,2024,USA
610,277,0.0020374359,SRR28834932,FALSE,FALSE,American Wigeon,Wild bird,2024,USA
610,278,1e-6,SRR28834963,FALSE,FALSE,Harris Hawk,Wild bird,2024,USA
611,279,9.404088e-4,SRR28834934,FALSE,FALSE,Skunk,Wild mammal,2024,USA
611,280,8.24016e-4,SRR28834898,FALSE,FALSE,Western Sandpiper,Wild bird,2024,USA
614,281,1e-6,SRR28834908,FALSE,FALSE,Skunk,Wild mammal,2024,USA
614,282,1e-6,SRR28834910,FALSE,FALSE,Skunk,Wild mammal,2024,USA
615,283,1e-6,SRR28834907,FALSE,FALSE,Skunk,Wild mammal,2024,USA
616,284,1e-6,SRR28834906,FALSE,FALSE,Skunk,Wild mammal,2024,USA
616,285,2.220239e-4,SRR28834911,FALSE,FALSE,Skunk,Wild mammal,2024,USA
612,286,2.058753e-4,SRR28834912,FALSE,FALSE,Skunk,Wild mammal,2024,USA
617,287,0.0014522064,SRR28834933,FALSE,FALSE,Red Tailed Hawk,Wild bird,2024,USA
620,288,1e-6,SRR28834924,FALSE,FALSE,Turkey,Domestic bird,2024,USA
620,289,1e-6,SRR28834925,FALSE,FALSE,Turkey,Domestic bird,2024,USA
621,290,1e-6,SRR28834961,FALSE,FALSE,Turkey,Domestic bird,2024,USA
621,291,4.105277e-4,SRR28834928,FALSE,FALSE,Turkey,Domestic bird,2024,USA
622,292,1e-6,SRR28834927,FALSE,FALSE,Turkey,Domestic bird,2024,USA
622,293,1e-6,SRR28834926,FALSE,FALSE,Turkey,Domestic bird,2024,USA
624,294,0.0019242289,SRR28834935,FALSE,FALSE,Bald Eagle,Wild bird,2024,USA
626,295,0.0027125365,SRR28834900,FALSE,FALSE,Mallard,Wild bird,2024,USA
626,296,0.0015114952,SRR28834914,FALSE,FALSE,Mountain Lion,Wild mammal,2024,USA
625,297,0.0018576262,SRR28834917,FALSE,FALSE,Canada Goose,Wild bird,2024,USA
628,298,1e-6,SRR28834945,FALSE,FALSE,Chicken,Domestic bird,2024,USA
628,299,1e-6,SRR28834946,FALSE,FALSE,Turkey,Domestic bird,2024,USA
627,300,1e-6,SRR28834944,FALSE,FALSE,Chicken,Domestic bird,2024,USA
637,301,1e-6,SRR28834947,FALSE,FALSE,GOAT,Domestic mammal,2024,USA
637,302,2.069461e-4,SRR28834915,FALSE,FALSE,Duck,Domestic bird,2024,USA
636,303,2.067719e-4,SRR28834960,FALSE,FALSE,GOAT,Domestic mammal,2024,USA
638,304,1e-6,SRR28834916,FALSE,FALSE,Chicken,Domestic bird,2024,USA
639,305,1e-6,SRR28834956,FALSE,FALSE,GOAT,Domestic mammal,2024,USA
639,306,1e-6,SRR28834950,FALSE,FALSE,GOAT,Domestic mammal,2024,USA
634,307,2.049498e-4,SRR28834948,FALSE,FALSE,GOAT,Domestic mammal,2024,USA
642,308,1e-6,SRR28834949,FALSE,FALSE,GOAT,Domestic mammal,2024,USA
642,309,1e-6,SRR28834955,FALSE,FALSE,GOAT,Domestic mammal,2024,USA
643,310,1e-6,SRR28834958,FALSE,FALSE,GOAT,Domestic mammal,2024,USA
643,311,2.051613e-4,SRR28834957,FALSE,FALSE,GOAT,Domestic mammal,2024,USA
645,312,1e-6,SRR28834954,FALSE,FALSE,GOAT,Domestic mammal,2024,USA
645,313,1e-6,SRR28834952,FALSE,FALSE,GOAT,Domestic mammal,2024,USA
644,314,1e-6,SRR28834953,FALSE,FALSE,GOAT,Domestic mammal,2024,USA
632,315,1e-6,SRR28834959,FALSE,FALSE,GOAT,Domestic mammal,2024,USA
646,316,1e-6,SRR28834899,FALSE,FALSE,GOAT,Domestic mammal,2024,USA
646,317,1e-6,SRR28834897,FALSE,FALSE,GOAT,Domestic mammal,2024,USA
647,318,1e-6,SRR28834943,FALSE,FALSE,Turkey,Domestic bird,2024,USA
647,319,1e-6,SRR28834942,FALSE,FALSE,Turkey,Domestic bird,2024,USA
649,320,2.079664e-4,SRR28834919,FALSE,FALSE,Chicken,Domestic bird,2024,USA
649,321,1e-6,SRR28834918,FALSE,FALSE,Chicken,Domestic bird,2024,USA
648,322,2.060438e-4,SRR28834921,FALSE,FALSE,Chicken,Domestic bird,2024,USA
650,323,0.0019103303,SRR28834940,FALSE,FALSE,Snow Goose,Wild bird,2024,USA
650,324,0.0025803174,SRR28834929,FALSE,FALSE,Snow Goose,Wild bird,2024,USA
329,325,0.0038146549,SRR28834904,FALSE,FALSE,Bald Eagle,Wild bird,2024,USA
327,326,0.0170694649,s0002,TRUE,FALSE,Chicken,Domestic bird,2023,USA
327,327,NA,NA,FALSE,FALSE,NA,Other,NA,NA
327,328,0.0260503165,NA,FALSE,FALSE,NA,Other,NA,NA
328,329,0.0026564032,NA,FALSE,FALSE,NA,Other,NA,NA
329,330,9.325101e-4,NA,FALSE,FALSE,NA,Other,NA,NA
330,331,0.0067551225,NA,FALSE,FALSE,NA,Other,NA,NA
331,332,2.5653e-6,NA,FALSE,FALSE,NA,Other,NA,NA
332,333,0.0016407895,NA,FALSE,FALSE,NA,Other,NA,NA
333,334,2.047288e-4,NA,FALSE,FALSE,NA,Other,NA,NA
334,335,0.0013628464,NA,FALSE,FALSE,NA,Other,NA,NA
335,336,1e-6,NA,FALSE,FALSE,NA,Other,NA,NA
336,337,1e-6,NA,FALSE,FALSE,NA,Other,NA,NA
337,338,2.153823e-4,NA,FALSE,FALSE,NA,Other,NA,NA
338,339,1e-6,NA,FALSE,FALSE,NA,Other,NA,NA
339,340,1e-6,NA,FALSE,FALSE,NA,Other,NA,NA
340,341,1e-6,NA,FALSE,FALSE,NA,Other,NA,NA
341,342,1e-6,NA,FALSE,FALSE,NA,Other,NA,NA
342,343,1e-6,NA,FALSE,FALSE,NA,Other,NA,NA
343,344,5.7839e-6,NA,FALSE,FALSE,NA,Other,NA,NA
344,345,1e-6,NA,FALSE,FALSE,NA,Other,NA,NA
345,346,2.052594e-4,NA,FALSE,FALSE,NA,Other,NA,NA
346,347,1e-6,NA,FALSE,FALSE,NA,Other,NA,NA
347,348,1e-6,NA,FALSE,FALSE,NA,Other,NA,NA
348,349,1e-6,NA,FALSE,FALSE,NA,Other,NA,NA
349,350,1e-6,NA,FALSE,FALSE,NA,Other,NA,NA
350,351,1e-6,NA,FALSE,FALSE,NA,Other,NA,NA
351,352,1e-6,NA,FALSE,FALSE,NA,Other,NA,NA
352,353,1e-6,NA,FALSE,FALSE,NA,Other,NA,NA
353,354,1e-6,NA,FALSE,FALSE,NA,Other,NA,NA
354,355,1e-6,NA,FALSE,FALSE,NA,Other,NA,NA
355,356,1e-6,NA,FALSE,FALSE,NA,Other,NA,NA
354,357,1e-6,NA,FALSE,FALSE,NA,Other,NA,NA
357,358,1e-6,NA,FALSE,FALSE,NA,Other,NA,NA
358,359,1e-6,NA,FALSE,FALSE,NA,Other,NA,NA
359,360,1e-6,NA,FALSE,FALSE,NA,Other,NA,NA
358,361,6.175927e-4,NA,FALSE,FALSE,NA,Other,NA,NA
353,362,1e-6,NA,FALSE,FALSE,NA,Other,NA,NA
362,363,1e-6,NA,FALSE,FALSE,NA,Other,NA,NA
363,364,1e-6,NA,FALSE,FALSE,NA,Other,NA,NA
364,365,1e-6,NA,FALSE,FALSE,NA,Other,NA,NA
365,366,1e-6,NA,FALSE,FALSE,NA,Other,NA,NA
366,367,1e-6,NA,FALSE,FALSE,NA,Other,NA,NA
367,368,1e-6,NA,FALSE,FALSE,NA,Other,NA,NA
364,369,1e-6,NA,FALSE,FALSE,NA,Other,NA,NA
369,370,1e-6,NA,FALSE,FALSE,NA,Other,NA,NA
362,371,1e-6,NA,FALSE,FALSE,NA,Other,NA,NA
371,372,1e-6,NA,FALSE,FALSE,NA,Other,NA,NA
372,373,1e-6,NA,FALSE,FALSE,NA,Other,NA,NA
352,374,2.5802e-6,NA,FALSE,FALSE,NA,Other,NA,NA
374,375,2.053506e-4,NA,FALSE,FALSE,NA,Other,NA,NA
375,376,2.050819e-4,NA,FALSE,FALSE,NA,Other,NA,NA
376,377,2.053263e-4,NA,FALSE,FALSE,NA,Other,NA,NA
377,378,1e-6,NA,FALSE,FALSE,NA,Other,NA,NA
378,379,1e-6,NA,FALSE,FALSE,NA,Other,NA,NA
375,380,2.2246e-6,NA,FALSE,FALSE,NA,Other,NA,NA
374,381,2.053362e-4,NA,FALSE,FALSE,NA,Other,NA,NA
351,382,2.581e-6,NA,FALSE,FALSE,NA,Other,NA,NA
382,383,1e-6,NA,FALSE,FALSE,NA,Other,NA,NA
383,384,1e-6,NA,FALSE,FALSE,NA,Other,NA,NA
348,385,2.053188e-4,NA,FALSE,FALSE,NA,Other,NA,NA
385,386,1.4251e-6,NA,FALSE,FALSE,NA,Other,NA,NA
386,387,1e-6,NA,FALSE,FALSE,NA,Other,NA,NA
387,388,1e-6,NA,FALSE,FALSE,NA,Other,NA,NA
388,389,2.02219e-4,NA,FALSE,FALSE,NA,Other,NA,NA
389,390,1e-6,NA,FALSE,FALSE,NA,Other,NA,NA
390,391,1e-6,NA,FALSE,FALSE,NA,Other,NA,NA
391,392,1e-6,NA,FALSE,FALSE,NA,Other,NA,NA
392,393,1e-6,NA,FALSE,FALSE,NA,Other,NA,NA
393,394,1e-6,NA,FALSE,FALSE,NA,Other,NA,NA
394,395,1e-6,NA,FALSE,FALSE,NA,Other,NA,NA
392,396,1e-6,NA,FALSE,FALSE,NA,Other,NA,NA
396,397,1e-6,NA,FALSE,FALSE,NA,Other,NA,NA
390,398,1e-6,NA,FALSE,FALSE,NA,Other,NA,NA
386,399,1e-6,NA,FALSE,FALSE,NA,Other,NA,NA
399,400,1e-6,NA,FALSE,FALSE,NA,Other,NA,NA
400,401,1e-6,NA,FALSE,FALSE,NA,Other,NA,NA
401,402,2.5725e-6,NA,FALSE,FALSE,NA,Other,NA,NA
402,403,1.0148e-6,NA,FALSE,FALSE,NA,Other,NA,NA
403,404,1.986576e-4,NA,FALSE,FALSE,NA,Other,NA,NA
347,405,1e-6,NA,FALSE,FALSE,NA,Other,NA,NA
405,406,2.9842e-6,NA,FALSE,FALSE,NA,Other,NA,NA
406,407,1e-6,NA,FALSE,FALSE,NA,Other,NA,NA
407,408,6.224369e-4,NA,FALSE,FALSE,NA,Other,NA,NA
408,409,1e-6,NA,FALSE,FALSE,NA,Other,NA,NA
405,410,1e-6,NA,FALSE,FALSE,NA,Other,NA,NA
410,411,2.852639e-4,NA,FALSE,FALSE,NA,Other,NA,NA
411,412,1e-6,NA,FALSE,FALSE,NA,Other,NA,NA
410,413,2.05268e-4,NA,FALSE,FALSE,NA,Other,NA,NA
346,414,1e-6,NA,FALSE,FALSE,NA,Other,NA,NA
414,415,1e-6,NA,FALSE,FALSE,NA,Other,NA,NA
415,416,1e-6,NA,FALSE,FALSE,NA,Other,NA,NA
416,417,4.10894e-4,NA,FALSE,FALSE,NA,Other,NA,NA
417,418,1e-6,NA,FALSE,FALSE,NA,Other,NA,NA
418,419,2.9707e-6,NA,FALSE,FALSE,NA,Other,NA,NA
419,420,2.055055e-4,NA,FALSE,FALSE,NA,Other,NA,NA
418,421,1e-6,NA,FALSE,FALSE,NA,Other,NA,NA
415,422,1e-6,NA,FALSE,FALSE,NA,Other,NA,NA
422,423,1e-6,NA,FALSE,FALSE,NA,Other,NA,NA
423,424,4.108471e-4,NA,FALSE,FALSE,NA,Other,NA,NA
424,425,1e-6,NA,FALSE,FALSE,NA,Other,NA,NA
425,426,1e-6,NA,FALSE,FALSE,NA,Other,NA,NA
422,427,1e-6,NA,FALSE,FALSE,NA,Other,NA,NA
414,428,1e-6,NA,FALSE,FALSE,NA,Other,NA,NA
428,429,2.057401e-4,NA,FALSE,FALSE,NA,Other,NA,NA
429,430,2.05937e-4,NA,FALSE,FALSE,NA,Other,NA,NA
430,431,2.057689e-4,NA,FALSE,FALSE,NA,Other,NA,NA
430,432,1e-6,NA,FALSE,FALSE,NA,Other,NA,NA
432,433,1e-6,NA,FALSE,FALSE,NA,Other,NA,NA
433,434,1e-6,NA,FALSE,FALSE,NA,Other,NA,NA
345,435,2.6881e-6,NA,FALSE,FALSE,NA,Other,NA,NA
435,436,2.6881e-6,NA,FALSE,FALSE,NA,Other,NA,NA
436,437,1e-6,NA,FALSE,FALSE,NA,Other,NA,NA
437,438,1e-6,NA,FALSE,FALSE,NA,Other,NA,NA
438,439,1e-6,NA,FALSE,FALSE,NA,Other,NA,NA
439,440,1e-6,NA,FALSE,FALSE,NA,Other,NA,NA
440,441,1e-6,NA,FALSE,FALSE,NA,Other,NA,NA
441,442,1e-6,NA,FALSE,FALSE,NA,Other,NA,NA
442,443,1e-6,NA,FALSE,FALSE,NA,Other,NA,NA
443,444,1e-6,NA,FALSE,FALSE,NA,Other,NA,NA
444,445,1e-6,NA,FALSE,FALSE,NA,Other,NA,NA
445,446,1e-6,NA,FALSE,FALSE,NA,Other,NA,NA
446,447,1e-6,NA,FALSE,FALSE,NA,Other,NA,NA
447,448,2.5291e-6,NA,FALSE,FALSE,NA,Other,NA,NA
448,449,1.543e-6,NA,FALSE,FALSE,NA,Other,NA,NA
449,450,1e-6,NA,FALSE,FALSE,NA,Other,NA,NA
450,451,1e-6,NA,FALSE,FALSE,NA,Other,NA,NA
451,452,1e-6,NA,FALSE,FALSE,NA,Other,NA,NA
452,453,2.5291e-6,NA,FALSE,FALSE,NA,Other,NA,NA
453,454,1e-6,NA,FALSE,FALSE,NA,Other,NA,NA
454,455,1e-6,NA,FALSE,FALSE,NA,Other,NA,NA
455,456,2.5238e-6,NA,FALSE,FALSE,NA,Other,NA,NA
456,457,2.4352e-6,NA,FALSE,FALSE,NA,Other,NA,NA
457,458,1.853493e-4,NA,FALSE,FALSE,NA,Other,NA,NA
458,459,1e-6,NA,FALSE,FALSE,NA,Other,NA,NA
456,460,2.058405e-4,NA,FALSE,FALSE,NA,Other,NA,NA
460,461,4.112838e-4,NA,FALSE,FALSE,NA,Other,NA,NA
461,462,1e-6,NA,FALSE,FALSE,NA,Other,NA,NA
450,463,1e-6,NA,FALSE,FALSE,NA,Other,NA,NA
444,464,1e-6,NA,FALSE,FALSE,NA,Other,NA,NA
464,465,1e-6,NA,FALSE,FALSE,NA,Other,NA,NA
465,466,1e-6,NA,FALSE,FALSE,NA,Other,NA,NA
466,467,2.053827e-4,NA,FALSE,FALSE,NA,Other,NA,NA
467,468,1e-6,NA,FALSE,FALSE,NA,Other,NA,NA
468,469,1e-6,NA,FALSE,FALSE,NA,Other,NA,NA
467,470,1e-6,NA,FALSE,FALSE,NA,Other,NA,NA
470,471,1e-6,NA,FALSE,FALSE,NA,Other,NA,NA
471,472,1e-6,NA,FALSE,FALSE,NA,Other,NA,NA
466,473,1e-6,NA,FALSE,FALSE,NA,Other,NA,NA
473,474,1e-6,NA,FALSE,FALSE,NA,Other,NA,NA
474,475,1e-6,NA,FALSE,FALSE,NA,Other,NA,NA
475,476,1e-6,NA,FALSE,FALSE,NA,Other,NA,NA
476,477,1e-6,NA,FALSE,FALSE,NA,Other,NA,NA
477,478,1e-6,NA,FALSE,FALSE,NA,Other,NA,NA
478,479,1e-6,NA,FALSE,FALSE,NA,Other,NA,NA
479,480,1e-6,NA,FALSE,FALSE,NA,Other,NA,NA
480,481,1e-6,NA,FALSE,FALSE,NA,Other,NA,NA
481,482,1e-6,NA,FALSE,FALSE,NA,Other,NA,NA
482,483,1e-6,NA,FALSE,FALSE,NA,Other,NA,NA
483,484,2.833e-6,NA,FALSE,FALSE,NA,Other,NA,NA
484,485,2.8062e-6,NA,FALSE,FALSE,NA,Other,NA,NA
485,486,1e-6,NA,FALSE,FALSE,NA,Other,NA,NA
486,487,1e-6,NA,FALSE,FALSE,NA,Other,NA,NA
487,488,1e-6,NA,FALSE,FALSE,NA,Other,NA,NA
488,489,2.5245e-6,NA,FALSE,FALSE,NA,Other,NA,NA
489,490,1e-6,NA,FALSE,FALSE,NA,Other,NA,NA
490,491,1e-6,NA,FALSE,FALSE,NA,Other,NA,NA
491,492,1e-6,NA,FALSE,FALSE,NA,Other,NA,NA
492,493,1e-6,NA,FALSE,FALSE,NA,Other,NA,NA
493,494,2.5958e-6,NA,FALSE,FALSE,NA,Other,NA,NA
494,495,2.000878e-4,NA,FALSE,FALSE,NA,Other,NA,NA
495,496,2.5886e-6,NA,FALSE,FALSE,NA,Other,NA,NA
496,497,4.108643e-4,NA,FALSE,FALSE,NA,Other,NA,NA
497,498,2.052877e-4,NA,FALSE,FALSE,NA,Other,NA,NA
498,499,1e-6,NA,FALSE,FALSE,NA,Other,NA,NA
499,500,1e-6,NA,FALSE,FALSE,NA,Other,NA,NA
500,501,1e-6,NA,FALSE,FALSE,NA,Other,NA,NA
501,502,1e-6,NA,FALSE,FALSE,NA,Other,NA,NA
502,503,1e-6,NA,FALSE,FALSE,NA,Other,NA,NA
503,504,1e-6,NA,FALSE,FALSE,NA,Other,NA,NA
501,505,1e-6,NA,FALSE,FALSE,NA,Other,NA,NA
505,506,1e-6,NA,FALSE,FALSE,NA,Other,NA,NA
500,507,1e-6,NA,FALSE,FALSE,NA,Other,NA,NA
507,508,1e-6,NA,FALSE,FALSE,NA,Other,NA,NA
508,509,1e-6,NA,FALSE,FALSE,NA,Other,NA,NA
499,510,1e-6,NA,FALSE,FALSE,NA,Other,NA,NA
510,511,1e-6,NA,FALSE,FALSE,NA,Other,NA,NA
511,512,1e-6,NA,FALSE,FALSE,NA,Other,NA,NA
512,513,1e-6,NA,FALSE,FALSE,NA,Other,NA,NA
513,514,1e-6,NA,FALSE,FALSE,NA,Other,NA,NA
498,515,1e-6,NA,FALSE,FALSE,NA,Other,NA,NA
515,516,1e-6,NA,FALSE,FALSE,NA,Other,NA,NA
516,517,1e-6,NA,FALSE,FALSE,NA,Other,NA,NA
517,518,1e-6,NA,FALSE,FALSE,NA,Other,NA,NA
515,519,1e-6,NA,FALSE,FALSE,NA,Other,NA,NA
496,520,2.053568e-4,NA,FALSE,FALSE,NA,Other,NA,NA
520,521,4.108232e-4,NA,FALSE,FALSE,NA,Other,NA,NA
521,522,1e-6,NA,FALSE,FALSE,NA,Other,NA,NA
522,523,1e-6,NA,FALSE,FALSE,NA,Other,NA,NA
522,524,1e-6,NA,FALSE,FALSE,NA,Other,NA,NA
521,525,4.10766e-4,NA,FALSE,FALSE,NA,Other,NA,NA
525,526,1e-6,NA,FALSE,FALSE,NA,Other,NA,NA
526,527,1e-6,NA,FALSE,FALSE,NA,Other,NA,NA
527,528,1e-6,NA,FALSE,FALSE,NA,Other,NA,NA
526,529,1e-6,NA,FALSE,FALSE,NA,Other,NA,NA
529,530,1e-6,NA,FALSE,FALSE,NA,Other,NA,NA
525,531,4.107323e-4,NA,FALSE,FALSE,NA,Other,NA,NA
531,532,2.3449e-6,NA,FALSE,FALSE,NA,Other,NA,NA
532,533,1e-6,NA,FALSE,FALSE,NA,Other,NA,NA
533,534,1e-6,NA,FALSE,FALSE,NA,Other,NA,NA
534,535,1e-6,NA,FALSE,FALSE,NA,Other,NA,NA
535,536,2.1246e-6,NA,FALSE,FALSE,NA,Other,NA,NA
536,537,8.13068e-5,NA,FALSE,FALSE,NA,Other,NA,NA
532,538,2.0212e-6,NA,FALSE,FALSE,NA,Other,NA,NA
538,539,1.744676e-4,NA,FALSE,FALSE,NA,Other,NA,NA
539,540,2.5827e-6,NA,FALSE,FALSE,NA,Other,NA,NA
493,541,1e-6,NA,FALSE,FALSE,NA,Other,NA,NA
541,542,1e-6,NA,FALSE,FALSE,NA,Other,NA,NA
542,543,1e-6,NA,FALSE,FALSE,NA,Other,NA,NA
543,544,1e-6,NA,FALSE,FALSE,NA,Other,NA,NA
544,545,1e-6,NA,FALSE,FALSE,NA,Other,NA,NA
545,546,1e-6,NA,FALSE,FALSE,NA,Other,NA,NA
546,547,1e-6,NA,FALSE,FALSE,NA,Other,NA,NA
547,548,1e-6,NA,FALSE,FALSE,NA,Other,NA,NA
548,549,2.079664e-4,NA,FALSE,FALSE,NA,Other,NA,NA
488,550,1.981729e-4,NA,FALSE,FALSE,NA,Other,NA,NA
550,551,1e-6,NA,FALSE,FALSE,NA,Other,NA,NA
551,552,1e-6,NA,FALSE,FALSE,NA,Other,NA,NA
552,553,1e-6,NA,FALSE,FALSE,NA,Other,NA,NA
553,554,1e-6,NA,FALSE,FALSE,NA,Other,NA,NA
554,555,1e-6,NA,FALSE,FALSE,NA,Other,NA,NA
486,556,4.101899e-4,NA,FALSE,FALSE,NA,Other,NA,NA
485,557,1e-6,NA,FALSE,FALSE,NA,Other,NA,NA
484,558,4.101757e-4,NA,FALSE,FALSE,NA,Other,NA,NA
558,559,2.6006e-6,NA,FALSE,FALSE,NA,Other,NA,NA
559,560,1e-6,NA,FALSE,FALSE,NA,Other,NA,NA
482,561,1e-6,NA,FALSE,FALSE,NA,Other,NA,NA
561,562,0,NA,FALSE,FALSE,NA,Other,NA,NA
562,563,0,NA,FALSE,FALSE,NA,Other,NA,NA
563,564,0,NA,FALSE,FALSE,NA,Other,NA,NA
480,565,1e-6,NA,FALSE,FALSE,NA,Other,NA,NA
475,566,2.053017e-4,NA,FALSE,FALSE,NA,Other,NA,NA
566,567,2.053464e-4,NA,FALSE,FALSE,NA,Other,NA,NA
474,568,2.053655e-4,NA,FALSE,FALSE,NA,Other,NA,NA
568,569,1e-6,NA,FALSE,FALSE,NA,Other,NA,NA
465,570,4.108391e-4,NA,FALSE,FALSE,NA,Other,NA,NA
570,571,2.6169e-6,NA,FALSE,FALSE,NA,Other,NA,NA
435,572,2.05034e-4,NA,FALSE,FALSE,NA,Other,NA,NA
572,573,2.5928e-6,NA,FALSE,FALSE,NA,Other,NA,NA
573,574,1e-6,NA,FALSE,FALSE,NA,Other,NA,NA
344,575,2.054426e-4,NA,FALSE,FALSE,NA,Other,NA,NA
575,576,1e-6,NA,FALSE,FALSE,NA,Other,NA,NA
576,577,1e-6,NA,FALSE,FALSE,NA,Other,NA,NA
343,578,6.163542e-4,NA,FALSE,FALSE,NA,Other,NA,NA
578,579,1e-6,NA,FALSE,FALSE,NA,Other,NA,NA
579,580,1e-6,NA,FALSE,FALSE,NA,Other,NA,NA
580,581,1e-6,NA,FALSE,FALSE,NA,Other,NA,NA
334,582,1e-6,NA,FALSE,FALSE,NA,Other,NA,NA
582,583,2.054929e-4,NA,FALSE,FALSE,NA,Other,NA,NA
332,584,0.0016449879,NA,FALSE,FALSE,NA,Other,NA,NA
584,585,6.432648e-4,NA,FALSE,FALSE,NA,Other,NA,NA
585,586,4.108417e-4,NA,FALSE,FALSE,NA,Other,NA,NA
586,587,2.719505e-4,NA,FALSE,FALSE,NA,Other,NA,NA
587,588,9.57797e-4,NA,FALSE,FALSE,NA,Other,NA,NA
331,589,0.0010235084,NA,FALSE,FALSE,NA,Other,NA,NA
589,590,2.7121e-6,NA,FALSE,FALSE,NA,Other,NA,NA
590,591,0.0010243987,NA,FALSE,FALSE,NA,Other,NA,NA
591,592,1e-6,NA,FALSE,FALSE,NA,Other,NA,NA
592,593,1e-6,NA,FALSE,FALSE,NA,Other,NA,NA
593,594,1e-6,NA,FALSE,FALSE,NA,Other,NA,NA
594,595,8.232559e-4,NA,FALSE,FALSE,NA,Other,NA,NA
593,596,1e-6,NA,FALSE,FALSE,NA,Other,NA,NA
596,597,7.198149e-4,NA,FALSE,FALSE,NA,Other,NA,NA
597,598,0.0021587338,NA,FALSE,FALSE,NA,Other,NA,NA
592,599,1e-6,NA,FALSE,FALSE,NA,Other,NA,NA
599,600,8.19635e-4,NA,FALSE,FALSE,NA,Other,NA,NA
600,601,6.151818e-4,NA,FALSE,FALSE,NA,Other,NA,NA
590,602,1e-6,NA,FALSE,FALSE,NA,Other,NA,NA
602,603,2.5929e-6,NA,FALSE,FALSE,NA,Other,NA,NA
603,604,2.049066e-4,NA,FALSE,FALSE,NA,Other,NA,NA
604,605,4.158427e-4,NA,FALSE,FALSE,NA,Other,NA,NA
605,606,2.219e-6,NA,FALSE,FALSE,NA,Other,NA,NA
603,607,2.048139e-4,NA,FALSE,FALSE,NA,Other,NA,NA
607,608,2.253774e-4,NA,FALSE,FALSE,NA,Other,NA,NA
608,609,2.7289e-6,NA,FALSE,FALSE,NA,Other,NA,NA
609,610,1e-6,NA,FALSE,FALSE,NA,Other,NA,NA
609,611,1e-6,NA,FALSE,FALSE,NA,Other,NA,NA
608,612,0.002448881,NA,FALSE,FALSE,NA,Other,NA,NA
612,613,1e-6,NA,FALSE,FALSE,NA,Other,NA,NA
613,614,4.118436e-4,NA,FALSE,FALSE,NA,Other,NA,NA
613,615,1e-6,NA,FALSE,FALSE,NA,Other,NA,NA
615,616,1e-6,NA,FALSE,FALSE,NA,Other,NA,NA
607,617,2.046326e-4,NA,FALSE,FALSE,NA,Other,NA,NA
617,618,6.1424e-4,NA,FALSE,FALSE,NA,Other,NA,NA
618,619,2.593e-6,NA,FALSE,FALSE,NA,Other,NA,NA
619,620,6.142294e-4,NA,FALSE,FALSE,NA,Other,NA,NA
619,621,4.095046e-4,NA,FALSE,FALSE,NA,Other,NA,NA
618,622,2.046501e-4,NA,FALSE,FALSE,NA,Other,NA,NA
602,623,1e-6,NA,FALSE,FALSE,NA,Other,NA,NA
623,624,2.5557e-6,NA,FALSE,FALSE,NA,Other,NA,NA
624,625,4.090888e-4,NA,FALSE,FALSE,NA,Other,NA,NA
625,626,2.045156e-4,NA,FALSE,FALSE,NA,Other,NA,NA
623,627,0.0010291797,NA,FALSE,FALSE,NA,Other,NA,NA
627,628,1e-6,NA,FALSE,FALSE,NA,Other,NA,NA
589,629,6.144527e-4,NA,FALSE,FALSE,NA,Other,NA,NA
629,630,6.150828e-4,NA,FALSE,FALSE,NA,Other,NA,NA
630,631,0.0012303691,NA,FALSE,FALSE,NA,Other,NA,NA
631,632,1e-6,NA,FALSE,FALSE,NA,Other,NA,NA
632,633,1e-6,NA,FALSE,FALSE,NA,Other,NA,NA
633,634,1e-6,NA,FALSE,FALSE,NA,Other,NA,NA
634,635,1e-6,NA,FALSE,FALSE,NA,Other,NA,NA
635,636,2.050546e-4,NA,FALSE,FALSE,NA,Other,NA,NA
636,637,1e-6,NA,FALSE,FALSE,NA,Other,NA,NA
635,638,1e-6,NA,FALSE,FALSE,NA,Other,NA,NA
638,639,1e-6,NA,FALSE,FALSE,NA,Other,NA,NA
633,640,1e-6,NA,FALSE,FALSE,NA,Other,NA,NA
640,641,1e-6,NA,FALSE,FALSE,NA,Other,NA,NA
641,642,1e-6,NA,FALSE,FALSE,NA,Other,NA,NA
641,643,1e-6,NA,FALSE,FALSE,NA,Other,NA,NA
640,644,1e-6,NA,FALSE,FALSE,NA,Other,NA,NA
644,645,1e-6,NA,FALSE,FALSE,NA,Other,NA,NA
631,646,1e-6,NA,FALSE,FALSE,NA,Other,NA,NA
630,647,0.0022669944,NA,FALSE,FALSE,NA,Other,NA,NA
629,648,0.0020499009,NA,FALSE,FALSE,NA,Other,NA,NA
648,649,2.049773e-4,NA,FALSE,FALSE,NA,Other,NA,NA
330,650,8.843639e-4,NA,FALSE,FALSE,NA,Other,NA,NA
